;Tableau 7. Faits constatés par la police et la gendarmerie, par département de France métropolitaine, en juillet 2012.;;;;;;;;;;;;;;;;;;;;;;;;;;;;;;;;;;;;;;;;;;;;;;;;;;;;;;;;;;;;;;;;;;;;;;;;;;;;;;;;;;;;;;;;;;;;;;;;;
;;;;;;;;;;;;;;;;;;;;;;;;;;;;;;;;;;;;;;;;;;;;;;;;;;;;;;;;;;;;;;;;;;;;;;;;;;;;;;;;;;;;;;;;;;;;;;;;;;
N°Index;Index de l'Etat 4001;Métropole;Ain;Aisne;Allier;Alpes-de-Haute-Provence;Hautes-Alpes;Alpes-Maritimes;Ardèche;Ardennes;Ariège;Aube;Aude;Aveyron;Bouches-du-Rhône;Calvados;Cantal;Charente;Charente-Maritime;Cher;Corrèze;Côte-d'Or;Côtes-d'Armor;Creuse;Dordogne;Doubs;Drôme;Eure;Eure-et-Loir;Finistère;Corse-du-Sud;Haute-Corse;Gard;Haute-Garonne;Gers;Gironde;Hérault;Ille-et-Vilaine;Indre;Indre-et-Loire;Isère;Jura;Landes;Loir-et-Cher;Loire;Haute-Loire;Loire-Atlantique;Loiret;Lot;Lot-et-Garonne;Lozère;Maine-et-Loire;Manche;Marne;Haute-Marne;Mayenne;Meurthe-et-Moselle;Meuse;Morbihan;Moselle;Nièvre;Nord;Oise;Orne;Pas-de-Calais;Puy-de-Dôme;Pyrénées-Atlantiques;Hautes-Pyrénées;Pyrénées-Orientales;Bas-Rhin;Haut-Rhin;Rhône;Haute-Saône;Saône-et-Loire;Sarthe;Savoie;Haute-Savoie;Paris;Seine-Maritime;Seine-et-Marne;Yvelines;Deux-Sèvres;Somme;Tarn;Tarn-et-Garonne;Var;Vaucluse;Vendée;Vienne;Haute-Vienne;Vosges;Yonne;Territoire de Belfort;Essonne;Hauts-de-Seine;Seine-Saint-Denis;Val-de-Marne;Val-d'Oise
01;Règlements de compte entre malfaiteurs;5;0;0;0;0;0;0;0;0;0;0;0;0;3;0;0;0;0;0;0;0;0;0;0;0;0;0;0;0;1;0;0;0;0;0;0;0;0;0;0;0;0;0;0;0;0;0;0;0;0;0;0;0;0;0;0;0;0;0;0;0;0;0;0;0;0;0;0;0;0;0;0;0;0;0;0;1;0;0;0;0;0;0;0;0;0;0;0;0;0;0;0;0;0;0;0;0
02;Homicides pour voler et à l'occasion de vols;3;0;0;0;0;0;0;0;0;0;0;0;0;0;0;0;1;0;0;0;0;0;0;0;0;0;0;0;0;0;0;0;0;0;0;0;0;0;0;0;0;0;0;0;0;0;0;0;0;0;0;0;0;0;0;0;0;0;0;0;0;0;0;0;0;0;0;0;0;0;0;0;0;0;0;0;0;0;0;0;0;0;0;0;2;0;0;0;0;0;0;0;0;0;0;0;0
03;Homicides pour d'autres motifs;49;0;0;1;0;1;3;0;0;1;0;0;0;1;0;0;0;0;0;0;0;0;0;0;0;0;0;0;0;0;0;0;1;1;0;0;0;0;0;0;1;0;0;0;0;0;1;0;0;0;0;0;0;0;0;0;0;0;3;0;5;0;0;3;0;0;0;0;0;3;0;0;1;3;3;0;4;1;1;2;0;1;0;2;0;0;0;0;0;0;0;0;0;1;2;3;0
04;Tentatives d'homicides pour voler et à l'occasion de vols;2;0;0;0;0;0;0;0;0;0;0;0;0;0;0;0;0;0;0;0;0;0;0;0;0;0;0;0;0;0;0;0;0;0;0;0;0;0;0;0;0;0;0;1;0;0;0;0;0;0;0;0;0;0;0;0;0;0;0;0;0;0;0;0;0;0;0;0;0;0;0;0;0;0;0;0;0;0;0;0;0;0;0;0;0;0;0;0;0;0;0;0;0;0;0;1;0
05;Tentatives homicides pour d'autres motifs;123;0;2;0;0;0;1;0;0;0;0;0;0;10;0;0;0;5;2;0;0;2;0;0;3;1;0;0;0;2;0;4;2;0;5;4;0;0;0;2;0;0;1;0;0;1;1;0;0;0;0;0;0;2;0;1;0;0;0;0;9;0;0;1;1;0;0;1;2;3;4;0;0;0;0;3;10;0;4;6;0;2;0;0;0;7;0;2;1;0;0;0;3;5;1;4;3
06;Coups et blessures volontaires suivis de mort;14;0;0;0;0;0;0;0;0;0;1;0;0;0;0;0;0;0;0;0;0;0;0;0;0;0;0;0;1;0;0;0;0;0;0;0;0;0;0;1;0;0;0;0;0;0;0;0;0;0;0;0;0;0;0;2;0;0;0;0;0;0;0;0;0;0;1;1;2;0;1;0;0;0;0;0;0;0;0;3;0;0;1;0;0;0;0;0;0;0;0;0;0;0;0;0;0
07;Autres coups et blessures volontaires criminels ou correctionnels;16 544;111;176;69;36;18;350;72;85;32;114;84;21;684;157;19;57;132;57;51;114;106;16;53;123;137;128;99;211;24;48;200;340;30;363;318;200;39;141;305;42;69;53;185;39;349;167;32;54;11;134;84;178;69;43;228;41;124;289;55;883;237;69;499;126;103;62;153;278;199;548;53;119;130;100;163;720;317;321;296;67;165;73;48;372;151;89;57;65;82;91;60;340;368;783;420;371
08;Prises d'otages à l'occasion de vols;1;0;0;0;0;0;0;0;0;0;0;0;0;0;0;0;0;0;0;0;0;0;0;0;0;0;0;0;0;0;0;0;0;0;0;0;0;0;0;0;0;0;0;0;0;0;0;0;0;0;0;0;0;0;0;0;0;0;0;0;0;0;0;0;0;0;0;0;0;0;0;0;0;0;0;0;0;0;0;0;0;0;0;0;0;0;0;0;0;0;0;0;1;0;0;0;0
09;Prises d'otages dans un autre but;3;0;0;0;0;0;0;0;0;0;0;0;0;0;0;0;0;0;0;0;0;1;0;0;0;0;0;0;0;1;0;0;0;0;0;0;0;0;0;0;0;0;0;0;0;0;0;0;0;0;0;0;0;0;0;0;0;0;0;0;0;0;0;0;0;0;0;0;0;0;0;0;0;0;0;0;0;0;0;0;0;0;0;0;0;0;0;0;0;0;0;0;0;0;0;1;0
10;Séquestrations;173;2;1;1;0;0;0;2;0;1;0;3;0;14;0;0;0;0;0;1;0;1;0;0;2;2;0;1;0;1;0;2;3;0;4;4;0;1;0;2;0;0;0;1;0;2;1;0;0;0;1;0;3;0;1;3;1;1;4;0;7;3;0;3;0;2;0;3;2;1;6;0;1;0;2;2;21;3;3;6;1;2;0;0;4;1;1;1;0;1;0;0;3;3;16;4;5
11;Menaces ou chantages pour extorsion de fonds;667;3;3;3;1;0;9;0;1;2;3;3;1;36;2;0;4;4;2;2;5;0;0;3;0;1;7;5;10;1;1;6;16;0;11;11;4;0;6;11;1;0;2;7;0;12;7;0;1;0;8;5;9;2;3;8;0;2;9;0;25;9;2;5;1;5;1;4;9;17;27;2;6;1;4;10;72;22;16;15;5;3;2;0;11;4;6;1;2;0;4;0;23;16;43;23;18
12;Menaces ou chantages dans un autre but;6 547;54;57;28;16;3;164;17;39;12;36;29;14;420;35;2;22;43;29;17;36;38;5;18;38;73;31;32;55;10;29;74;146;12;146;112;60;11;37;113;16;26;33;71;16;129;91;9;32;3;42;19;60;39;24;89;11;38;128;14;352;50;17;172;40;42;13;54;146;80;268;15;43;46;30;71;272;185;133;145;13;51;22;13;165;70;49;18;22;20;43;14;107;180;255;157;171
13;Atteintes à la dignité et à la  personnalité;2 353;19;29;15;5;5;94;6;14;3;13;4;6;124;24;2;6;20;19;6;32;10;4;11;20;21;16;11;22;5;11;10;52;2;39;31;19;4;21;33;9;14;14;25;5;63;25;5;5;3;17;4;24;13;12;27;4;13;45;3;120;33;6;53;23;17;8;18;60;26;92;9;18;11;21;31;143;83;37;52;10;22;9;6;55;15;11;16;10;9;15;10;38;43;40;32;33
14;Violations de domicile;698;5;10;2;2;2;34;2;4;1;4;4;1;24;5;3;2;8;2;3;1;10;1;3;4;1;4;3;14;4;1;7;16;1;22;12;5;3;7;8;3;5;3;5;0;9;12;2;2;2;9;2;3;3;3;4;2;8;9;1;25;9;4;18;6;3;1;4;6;6;23;1;6;6;5;11;35;14;11;11;6;10;3;1;20;8;9;2;2;4;4;1;6;9;42;10;24
15;Vols à main armée contre des établissements financiers;24;0;1;0;0;0;2;1;0;0;0;0;0;2;0;0;0;0;0;0;0;0;0;0;0;0;0;0;0;0;0;0;0;0;0;0;0;0;0;2;0;0;0;0;0;1;0;0;0;0;0;0;0;0;0;1;0;0;1;0;1;0;0;2;0;0;0;1;0;1;2;0;0;0;0;0;1;0;0;1;0;0;0;0;0;0;0;0;0;0;0;0;1;0;2;1;0
16;Vols à main armée contre des établissements industriels ou commerciaux;207;0;0;1;0;0;2;0;0;1;0;1;0;24;2;0;0;2;0;0;1;2;1;0;2;6;1;1;5;1;0;2;4;0;3;5;2;1;0;7;0;1;0;1;0;1;2;1;1;0;1;1;0;0;0;9;0;0;0;0;9;8;1;4;0;3;0;0;7;1;8;0;0;1;1;0;11;2;2;3;0;1;0;0;0;7;1;1;0;1;0;0;6;11;14;6;3
17;Vols à main armée contre des entreprises de transports de fonds;3;0;0;0;0;0;0;0;0;0;0;0;0;1;0;0;0;0;0;0;0;0;0;0;1;0;0;0;0;0;0;0;0;0;0;0;0;0;0;0;0;0;0;0;0;0;0;0;0;0;0;0;0;0;0;0;0;0;0;0;0;0;0;0;0;0;0;1;0;0;0;0;0;0;0;0;0;0;0;0;0;0;0;0;0;0;0;0;0;0;0;0;0;0;0;0;0
18;Vols à main armée contre des particuliers à leur domicile;37;1;0;1;0;0;1;2;0;0;0;0;0;6;0;0;0;1;0;0;0;0;0;1;0;0;0;0;0;0;0;2;0;0;0;0;0;0;0;1;0;0;0;0;0;0;0;0;0;0;0;0;1;0;0;0;0;1;1;0;0;0;0;0;2;0;0;2;1;0;1;0;0;0;0;0;3;1;0;1;0;0;1;1;1;1;0;0;0;0;0;0;1;1;0;0;1
19;Autres vols à main armée;91;1;0;0;0;0;1;0;0;0;0;2;1;19;0;0;0;1;0;0;0;0;0;0;0;0;0;0;1;2;0;1;4;0;0;3;0;0;0;8;1;1;0;0;0;0;0;0;0;0;0;0;0;0;0;2;0;0;1;0;2;3;0;0;0;1;0;0;0;0;5;0;0;1;0;0;4;1;4;2;0;0;0;0;1;0;0;0;1;0;1;0;5;4;2;1;4
20;Vols avec armes blanches contre des établissements financiers, commerciaux ou industriels;69;0;1;0;0;0;5;0;0;0;0;0;0;3;0;0;0;1;0;0;0;0;0;0;0;0;0;1;0;0;0;0;0;0;1;0;0;0;0;5;1;0;1;1;0;1;0;0;0;0;0;0;0;0;0;2;0;0;0;0;3;0;0;1;0;1;0;1;2;0;3;1;1;0;1;3;4;1;3;2;0;2;0;0;1;0;1;1;0;0;0;0;4;1;4;2;3
21;Vols avec armes blanches contre des particuliers à leur domicile;40;0;0;0;0;0;0;0;1;0;0;0;0;1;0;0;0;0;0;0;1;0;0;0;0;0;0;0;0;0;0;1;2;0;0;2;0;0;0;1;0;0;0;1;0;2;0;0;0;0;0;0;1;0;0;0;0;0;3;0;2;0;0;1;0;0;0;1;0;3;0;0;0;0;0;0;4;1;1;0;0;1;0;0;2;0;0;1;1;0;0;0;0;1;1;3;1
22;Autres vols avec armes blanches;460;1;1;0;0;2;13;0;0;1;1;2;0;39;2;0;0;1;0;1;0;0;0;0;4;2;0;3;1;1;0;3;16;0;5;20;2;0;1;14;1;0;1;2;0;9;2;0;0;0;0;0;2;0;0;4;0;0;6;0;15;2;0;0;4;0;0;6;9;3;9;0;0;2;3;1;78;11;12;16;0;1;0;0;4;4;1;2;0;1;1;0;14;27;23;21;27
23;Vols violents sans arme contre des établissements financiers, commerciaux ou industriels;74;0;1;0;0;0;3;0;0;0;0;1;0;2;0;0;0;1;0;0;1;2;0;0;0;1;0;1;1;0;0;1;5;0;1;0;1;0;0;1;0;0;0;0;1;1;0;0;1;0;1;0;0;0;0;1;0;1;1;0;4;0;0;3;0;0;1;3;2;0;1;0;0;1;0;0;5;1;3;2;0;2;0;0;1;0;1;0;0;2;0;0;3;4;3;1;1
24;Vols violents sans arme contre des particuliers à leur domicile;131;0;1;0;0;0;4;0;2;0;2;2;0;6;2;0;0;0;1;0;1;0;0;0;0;1;0;0;1;0;0;7;4;1;5;1;2;0;3;1;0;0;0;1;2;0;0;1;1;1;0;3;0;0;0;2;0;1;2;0;6;3;2;3;2;1;0;3;4;1;5;1;0;0;1;1;11;1;1;4;0;1;0;1;3;2;0;0;1;0;0;0;3;1;1;2;5
25;Vols violents sans arme contre des femmes sur voie publique ou autre lieu public;4 844;7;6;1;7;3;211;6;4;1;11;12;6;689;17;3;1;7;1;5;6;7;1;2;9;16;16;12;12;9;7;43;108;2;61;132;17;1;21;39;3;9;4;40;1;29;31;1;11;0;14;1;16;5;4;26;3;6;22;3;132;19;1;34;14;36;5;19;45;18;149;1;2;5;6;33;772;62;99;96;4;18;9;9;57;20;4;3;2;2;7;2;111;240;634;224;202
26;Vols violents sans arme contre d'autres victimes;4 357;7;14;3;4;3;177;6;3;1;10;14;1;490;24;0;5;13;7;4;17;7;1;2;14;27;16;8;23;3;3;46;108;3;75;112;32;6;25;40;5;13;5;35;3;50;42;2;14;1;18;10;22;1;6;35;1;9;28;3;194;25;11;42;16;33;5;19;37;19;144;4;7;20;16;30;617;74;112;106;5;33;10;4;70;28;5;5;9;10;6;10;109;206;372;150;137
27;Cambriolages de locaux d'habitations principales;17 064;157;99;77;82;21;511;66;42;33;84;188;27;1 071;131;10;75;174;67;27;71;60;30;90;93;175;90;129;162;13;45;344;660;34;333;573;145;21;103;457;49;92;33;181;25;431;178;18;91;15;119;23;133;42;33;207;32;147;212;52;846;185;46;302;111;139;38;131;99;88;535;27;187;104;123;170;644;201;405;340;64;132;113;65;418;236;170;83;73;71;67;18;424;313;585;385;443
28;Cambriolages de résidences secondaires;1 480;17;8;3;6;2;101;11;3;10;6;17;7;23;14;0;7;41;14;12;9;25;8;14;3;17;14;17;30;37;19;34;20;3;20;54;19;8;8;18;4;18;11;8;4;38;30;12;13;2;15;8;4;5;5;7;2;29;4;17;14;15;11;17;10;27;7;23;4;6;5;7;12;21;14;23;9;17;24;5;4;14;15;13;129;17;24;10;8;12;15;0;17;3;2;1;10
29;Cambriolages de  locaux industriels, commerciaux ou financiers;4 866;79;48;20;11;10;69;19;16;14;29;34;22;204;56;11;25;66;27;20;38;48;4;21;50;67;50;26;66;3;6;46;174;23;79;76;71;20;31;128;40;33;29;42;28;174;32;25;35;5;63;18;50;23;26;54;8;85;80;21;159;55;28;78;46;38;23;23;68;43;174;16;32;37;44;79;243;94;73;59;35;69;31;32;72;33;63;19;38;35;27;8;52;50;80;72;60
30;Cambriolages d'autres lieux;4 933;50;46;23;10;9;110;20;15;11;42;30;11;228;56;8;29;76;39;7;42;38;2;37;54;30;46;45;43;5;8;46;71;16;84;105;66;16;76;128;29;29;22;51;18;138;34;11;24;3;74;17;36;16;35;70;12;42;89;17;252;54;22;140;43;43;12;32;103;74;218;13;29;41;32;37;135;144;108;66;29;63;28;25;65;38;40;20;20;39;30;11;58;50;88;97;89
31;Vols avec entrée par ruse en tous lieux;674;2;2;1;2;0;55;1;10;2;2;3;1;25;9;0;0;11;3;0;0;5;1;6;2;6;3;1;3;2;0;6;21;1;7;14;7;0;5;34;0;1;1;7;0;22;2;0;3;1;9;2;6;2;5;1;2;1;3;2;26;6;0;18;2;8;1;6;3;4;13;1;3;1;1;7;53;6;9;17;5;6;0;2;13;8;3;2;1;0;1;0;15;43;19;26;22
32;Vols à la tire;9 822;60;23;6;15;27;731;32;8;11;18;45;9;537;66;7;24;41;15;9;41;19;6;26;49;35;32;23;74;31;11;89;223;15;262;256;63;12;48;117;9;44;13;40;8;493;48;12;43;1;26;17;43;12;10;70;4;55;78;11;430;66;12;77;62;213;21;89;96;44;91;13;29;44;27;73;1 955;99;223;133;24;28;22;18;185;65;49;43;35;15;24;6;153;239;389;223;354
33;Vols à l'étalage;5 296;25;46;27;10;9;115;14;17;2;38;14;10;134;83;10;12;44;30;10;41;52;5;29;45;30;37;22;62;1;6;32;131;11;190;65;58;18;45;72;6;22;14;92;15;150;40;9;17;2;27;22;22;8;5;40;15;37;86;8;172;52;20;86;44;40;17;25;70;56;307;5;33;26;23;44;436;83;170;225;29;46;33;5;61;48;28;35;39;17;25;13;105;147;173;204;115
34;Vols de véhicules de transport avec fret;26;0;0;1;1;0;1;0;0;0;0;0;0;2;0;0;0;0;0;0;0;0;0;0;1;0;0;0;1;0;0;0;1;0;0;1;0;0;0;1;0;0;0;0;0;0;1;0;0;0;0;0;1;0;0;0;0;0;0;0;1;1;0;0;0;0;0;0;1;0;1;0;0;0;0;1;0;0;0;1;0;1;0;0;0;0;0;0;0;0;2;0;1;1;1;1;1
35;Vols d'automobiles;9 046;69;75;15;17;15;174;30;21;10;38;67;8;677;76;2;29;95;30;12;48;26;5;24;48;102;68;59;62;23;28;155;168;17;167;206;63;15;32;214;28;18;28;98;10;174;102;11;23;2;62;12;96;11;9;90;33;49;86;11;432;205;16;141;78;41;9;107;89;52;300;24;36;39;81;97;210;161;398;233;21;79;24;28;138;104;47;18;22;22;76;14;355;224;460;280;442
36;Vols de véhicules motorisés à 2 roues;6 204;39;28;18;7;7;421;21;19;7;13;32;13;452;36;3;17;75;13;6;50;31;6;19;25;71;31;25;46;32;25;58;108;4;107;157;54;12;60;95;9;30;19;40;13;165;45;12;25;3;42;19;40;11;10;38;5;39;60;8;175;42;21;85;45;71;11;41;70;45;177;7;56;48;53;74;656;103;94;110;27;60;38;13;185;43;45;22;14;11;29;5;105;287;129;232;99
37;Vols à la roulotte;21 838;120;134;40;74;49;612;128;28;38;69;186;43;1 492;125;12;65;268;51;21;127;149;6;52;130;190;141;129;238;54;101;470;716;24;446;705;270;26;102;408;71;194;49;152;21;545;189;21;109;15;180;36;144;41;51;204;25;185;249;30;1 234;240;43;366;189;261;66;270;235;160;768;30;83;149;133;185;916;366;512;358;63;98;98;65;520;323;209;75;102;107;66;21;359;639;932;488;559
38;Vols d'accessoires sur véhicules à moteur immatriculés;10 284;64;62;27;28;13;188;27;21;14;35;73;14;496;116;5;30;121;62;12;58;67;9;33;44;75;79;86;119;25;26;159;244;14;262;207;151;45;84;237;39;44;42;126;14;348;129;10;31;4;142;34;93;40;29;146;15;106;130;23;409;124;24;211;87;56;25;104;129;88;358;22;55;62;79;78;234;240;358;340;40;73;51;27;146;80;74;55;55;36;52;8;315;276;341;293;302
39;Vols simples sur chantier;1 471;13;15;7;5;1;23;3;5;1;7;5;4;59;19;4;15;24;6;2;8;7;1;9;14;19;19;18;21;2;3;14;34;6;48;26;32;3;20;34;4;19;6;13;3;52;22;6;4;2;17;8;11;6;3;21;6;17;30;4;88;18;2;28;22;14;4;9;25;14;46;2;14;13;20;21;23;34;27;20;11;11;5;4;24;14;18;11;5;7;5;1;20;31;14;18;18
40;Vols simples sur exploitation agricole;859;4;9;5;7;3;4;4;11;4;27;11;3;12;2;4;12;29;10;6;7;11;1;7;5;10;7;14;11;1;4;11;13;7;22;23;16;8;8;13;5;9;9;7;8;17;10;7;7;4;13;11;33;5;3;8;10;6;6;4;10;6;9;13;20;11;3;19;21;26;5;16;5;14;1;2;1;16;10;1;9;14;2;10;3;8;13;7;13;10;9;0;2;0;0;0;2
41;Autres vols simples contre des établissements publics ou privés;6 827;68;50;23;25;15;114;16;27;6;22;33;30;191;93;10;31;72;33;27;56;73;9;22;39;61;45;53;77;14;11;108;269;13;188;142;140;14;53;104;20;49;33;70;19;202;71;8;19;8;74;36;56;26;30;95;28;65;81;21;300;76;18;142;71;74;28;55;101;59;269;33;55;75;54;77;374;137;146;112;38;51;18;41;117;75;65;50;52;43;38;11;108;161;104;103;108
42;Autres vols simples contre des particuliers dans  des locaux privés;17 320;151;139;85;58;41;566;70;63;38;65;141;53;626;188;16;80;303;67;57;115;139;9;122;115;164;151;92;198;35;39;260;402;61;467;572;290;43;106;331;56;195;98;118;27;449;145;42;97;20;164;88;168;53;59;152;50;193;247;57;805;226;57;344;177;141;60;275;239;162;384;84;103;106;117;232;633;269;316;318;86;156;99;65;429;291;182;120;64;90;101;41;251;510;275;261;255
43;Autres vols simples contre des particuliers dans des locaux ou lieux publics;33 081;197;115;92;64;53;1 468;104;61;45;110;185;63;1 333;236;39;115;437;67;58;181;177;12;89;199;214;140;89;383;102;135;345;816;45;916;971;399;22;326;479;92;270;83;225;39;635;228;57;90;18;273;106;226;37;80;285;37;288;289;51;903;250;54;448;172;385;89;367;421;271;1 482;61;170;160;208;400;4 810;366;453;751;74;197;91;81;965;339;371;108;92;96;121;74;465;1 159;1 033;748;555
44;Recels;3 032;19;16;18;4;3;96;11;5;3;13;20;3;123;7;0;7;18;9;3;18;10;1;9;23;22;15;11;18;7;8;20;64;2;83;42;56;4;16;83;4;15;23;35;2;50;69;3;21;4;36;4;16;7;6;33;10;9;21;5;137;46;6;49;13;13;8;19;36;22;124;3;22;21;24;26;350;46;99;52;10;23;13;7;77;21;12;16;13;8;15;5;54;66;181;78;54
45;Proxénétisme;34;0;0;0;0;0;1;1;0;0;0;0;1;2;1;0;0;0;0;0;0;0;0;0;0;0;0;1;0;0;0;0;1;0;0;2;0;1;0;0;0;0;0;0;0;1;0;0;0;0;0;0;0;0;0;1;0;0;0;0;0;0;0;1;0;0;0;0;1;0;8;0;0;0;0;0;6;0;0;0;0;0;0;0;0;1;0;0;1;0;0;0;2;0;0;0;1
46;Viols sur des majeur(e)s;436;0;2;2;0;0;7;5;0;0;1;4;2;13;1;0;0;3;2;2;2;1;1;4;1;6;5;1;5;1;2;7;8;0;9;12;5;1;3;3;2;0;1;7;1;6;4;2;1;0;6;5;3;5;1;4;2;1;7;1;22;8;2;10;3;0;0;3;9;4;11;4;4;4;0;6;39;6;14;6;1;4;2;1;5;4;2;5;2;2;1;2;11;13;27;14;5
47;Viols sur des mineur(e)s;489;10;10;6;1;0;4;8;3;3;3;6;1;13;3;0;3;2;0;1;1;3;1;6;5;6;9;6;9;3;2;10;12;3;11;7;10;1;3;5;6;2;4;6;3;9;4;2;3;1;7;6;1;5;4;6;1;3;0;3;12;6;0;18;4;7;3;5;11;5;11;3;2;6;3;7;18;10;4;9;4;4;0;6;6;2;6;3;4;3;0;4;10;5;4;8;10
48;Harcèlements sexuels et autres agressions sexuelles contre des majeur(e)s;491;2;4;1;2;0;7;1;0;0;3;0;0;14;3;0;2;9;3;2;2;2;1;2;4;4;6;2;5;2;0;3;18;1;12;4;7;1;6;5;1;6;0;4;4;18;13;0;2;1;7;2;6;3;3;3;1;5;6;1;22;7;1;17;4;1;1;1;7;7;19;0;3;4;0;4;58;9;15;14;1;4;0;2;8;0;2;1;3;1;2;0;12;9;11;7;8
49;Harcèlements sexuels et autres agressions sexuelles contre des mineur(e)s;764;6;9;0;1;4;9;7;4;2;3;5;1;26;6;1;15;10;2;5;7;6;5;3;11;7;4;4;8;1;3;9;20;2;26;12;6;0;9;15;2;5;2;14;1;19;6;4;3;1;13;5;2;3;2;11;0;7;13;1;22;13;2;23;12;4;5;4;14;9;14;1;4;17;4;9;33;15;9;12;4;16;3;6;11;5;10;3;3;6;4;2;13;9;7;20;28
50;Atteintes sexuelles;1 150;5;13;5;4;2;36;6;4;4;2;10;5;33;7;0;4;6;1;10;12;1;2;4;10;2;3;5;17;2;1;11;13;1;85;29;9;1;7;12;9;6;2;6;4;24;7;0;3;1;10;5;4;1;3;4;1;5;11;3;55;9;5;29;11;11;0;5;18;7;45;3;8;11;9;9;186;17;28;16;5;11;3;2;27;3;6;5;1;9;4;3;14;30;18;18;16
51;Homicides commis contre enfants de moins de 15 ans;3;0;0;0;0;0;0;0;0;0;0;0;0;0;0;0;0;0;0;0;0;0;0;0;0;0;0;0;0;0;0;0;0;0;0;0;0;0;0;0;0;0;0;0;0;1;0;0;0;0;0;0;0;0;0;0;0;0;0;0;0;0;0;0;0;0;0;0;0;0;0;0;0;0;1;0;0;0;0;1;0;0;0;0;0;0;0;0;0;0;0;0;0;0;0;0;0
52;Violences, mauvais traitements et abandons d'enfants.;1 630;11;22;8;0;1;37;6;8;3;11;5;0;45;17;1;4;10;4;2;7;9;1;8;20;9;5;18;21;1;1;21;55;5;34;13;16;5;15;39;5;7;3;16;0;47;25;1;7;1;18;10;29;9;3;42;7;8;34;4;80;18;4;58;13;6;3;6;45;17;62;7;6;35;10;10;48;29;31;43;9;31;7;7;31;9;14;14;3;16;14;7;31;30;47;40;15
53;Délits au sujet de la garde des mineurs;2 255;18;25;10;6;8;36;14;15;8;10;15;10;84;26;5;7;46;6;3;17;24;2;14;30;33;29;9;47;12;9;29;50;5;55;93;40;2;6;37;8;15;9;18;8;36;19;1;18;2;24;14;16;6;11;11;6;30;41;10;70;30;9;53;24;14;5;24;37;30;59;12;18;17;18;30;79;48;24;39;25;33;13;9;43;22;38;16;16;17;7;7;27;55;39;26;24
54;Non versement de pension alimentaire;1 146;14;11;8;12;4;25;8;3;6;6;16;4;52;4;1;0;11;5;2;9;10;0;8;6;9;16;5;7;7;7;9;25;4;26;31;13;1;4;31;4;3;12;15;0;18;8;2;9;0;7;8;7;5;6;8;1;21;42;4;37;24;2;14;9;12;0;9;27;20;45;3;13;4;11;28;22;12;29;22;6;8;9;4;41;20;7;3;5;10;5;3;13;27;23;9;10
55;Trafic et revente sans usage de stupéfiants;480;2;2;2;0;0;12;0;1;6;0;1;1;46;1;1;0;3;1;0;3;1;0;1;2;0;3;3;1;0;0;4;4;0;4;5;5;2;5;4;2;1;4;3;2;3;4;0;1;0;3;4;1;0;1;4;1;3;2;1;19;7;2;16;7;7;0;4;10;5;7;0;1;2;7;2;52;8;6;5;1;3;0;2;8;1;1;2;1;0;1;0;15;29;55;15;13
56;Usage-revente de stupéfiants;1 245;8;7;35;5;1;16;14;3;27;2;2;2;17;23;0;7;11;9;0;11;8;1;2;6;5;16;7;30;0;0;6;21;0;48;15;22;7;31;21;1;12;2;12;1;19;9;2;3;0;9;13;19;1;0;6;16;20;22;3;90;10;0;46;13;6;6;3;43;14;26;2;12;4;1;14;66;21;33;25;5;7;3;0;25;17;6;7;0;6;1;0;29;28;15;21;24
57;Usage de stupéfiants;12 735;51;52;83;94;14;262;77;50;44;37;97;29;419;149;5;38;103;33;16;89;39;6;42;44;68;113;85;80;55;29;89;212;12;395;277;105;31;122;119;55;160;51;108;20;220;133;20;29;2;87;48;145;52;29;186;42;91;200;34;566;117;71;305;51;97;40;51;213;73;431;24;91;49;52;120;742;130;387;433;52;86;40;11;345;70;88;55;32;96;50;28;358;543;627;491;343
58;Autres infractions à la législation sur les stupéfiants;716;9;6;21;0;0;14;3;5;3;3;6;2;16;1;0;5;5;1;0;3;10;1;1;2;9;23;0;6;1;1;2;4;3;17;57;18;2;4;8;0;41;3;1;3;1;7;3;3;1;1;10;1;0;5;3;0;3;4;0;5;0;4;10;10;2;9;2;12;1;30;7;5;1;3;6;102;9;4;11;1;5;0;1;7;8;2;2;0;3;2;2;14;20;46;5;3
59;Délits de débits de boissons et infraction à la réglementation sur l'alcool  et le tabac;88;0;1;2;1;0;9;0;0;0;0;0;0;4;1;0;1;0;0;0;1;1;0;1;0;0;0;1;0;2;0;0;0;1;3;4;1;1;0;0;0;6;0;0;0;2;2;1;0;1;0;1;1;0;0;1;0;0;1;0;1;1;0;0;0;2;1;1;2;0;8;0;1;1;0;4;1;0;0;1;0;0;1;0;7;1;0;0;0;0;2;0;1;0;1;0;0
60;Fraudes alimentaires et infractions à l'hygiène;38;1;0;1;0;0;3;0;0;1;0;0;0;3;1;0;0;0;0;0;0;0;1;0;0;0;0;0;0;0;2;0;0;0;3;0;1;0;1;0;0;0;0;0;0;0;0;0;0;0;0;0;1;1;0;0;0;0;0;0;0;0;0;0;2;1;0;1;5;0;0;0;0;0;0;0;0;1;1;0;1;1;0;0;2;1;1;0;0;0;0;0;0;0;0;0;1
61;Autres délits contre santé publique et la réglementation des professions médicales;35;0;1;0;0;0;1;0;0;0;0;0;0;4;0;0;0;0;0;0;0;0;0;0;0;0;0;0;0;0;0;1;1;0;2;1;0;0;0;0;0;0;0;1;0;0;0;0;0;0;0;0;0;1;0;0;0;0;0;0;0;0;1;1;0;0;0;1;4;0;0;0;1;0;0;0;2;0;1;0;0;0;0;0;2;0;0;0;1;0;0;0;0;0;8;0;0
62;Incendies volontaires de biens publics;425;6;1;2;3;0;5;0;3;0;1;0;0;19;8;0;0;7;8;4;1;1;0;2;8;6;12;1;17;0;4;4;5;6;2;8;6;0;4;8;0;1;3;5;0;14;4;0;0;0;5;4;4;2;1;5;1;2;9;3;15;5;11;21;3;2;1;4;10;3;13;3;2;0;3;3;8;11;12;4;0;9;3;2;6;1;2;0;1;5;6;0;9;7;6;2;7
63;Incendies volontaires de biens privés;3 113;15;28;5;6;2;19;5;17;4;15;13;7;120;26;0;6;14;9;2;15;7;0;5;33;35;14;15;31;13;13;53;71;2;35;32;10;10;26;96;6;2;4;68;1;78;21;1;4;2;39;10;67;6;5;34;5;11;48;4;272;44;11;123;39;15;4;14;51;44;157;4;16;16;25;17;32;99;68;99;9;28;15;12;33;41;9;14;8;3;32;4;74;86;193;69;88
64;Attentats à l'explosif contre des biens publics;0;0;0;0;0;0;0;0;0;0;0;0;0;0;0;0;0;0;0;0;0;0;0;0;0;0;0;0;0;0;0;0;0;0;0;0;0;0;0;0;0;0;0;0;0;0;0;0;0;0;0;0;0;0;0;0;0;0;0;0;0;0;0;0;0;0;0;0;0;0;0;0;0;0;0;0;0;0;0;0;0;0;0;0;0;0;0;0;0;0;0;0;0;0;0;0;0
65;Attentats à l'explosif contre des biens privés;7;0;0;0;0;0;0;0;0;0;0;0;0;0;0;0;0;0;0;0;0;0;0;0;0;1;0;0;0;4;1;0;0;0;0;0;0;0;0;0;0;0;0;0;0;0;0;0;0;0;0;0;0;0;0;0;0;0;0;0;0;0;0;0;0;0;0;1;0;0;0;0;0;0;0;0;0;0;0;0;0;0;0;0;0;0;0;0;0;0;0;0;0;0;0;0;0
66;Autres destructions et dégradations de biens publics;3 514;41;25;27;8;6;37;18;21;6;20;20;9;66;43;9;16;66;15;17;27;18;3;10;36;24;21;37;79;2;9;42;136;7;95;34;60;13;27;61;4;19;22;27;10;67;38;8;23;3;55;36;37;10;31;47;9;52;63;11;151;49;24;66;41;35;7;23;74;54;139;11;21;41;18;35;123;60;88;57;15;45;16;14;32;21;50;17;18;30;31;4;53;60;83;66;59
67;Autres destructions et dégradations de biens privés;10 263;42;60;38;18;20;161;19;46;6;45;62;8;392;118;1;22;126;45;15;91;64;2;19;66;54;46;45;126;16;12;71;198;7;342;188;139;14;87;146;16;36;32;115;11;262;69;11;29;3;73;67;147;14;27;137;18;113;187;21;562;65;38;258;99;107;17;63;160;88;396;18;39;61;60;89;718;291;212;278;34;47;36;17;139;79;66;54;36;36;26;13;166;350;553;340;287
68;Destructions et dégradations de véhicules privés;12 329;44;50;47;17;15;211;19;58;6;64;53;19;372;132;10;84;133;40;44;88;80;5;35;78;56;67;71;124;79;20;135;185;20;350;191;248;14;90;144;16;45;36;117;28;259;84;8;35;8;123;86;182;20;14;143;35;136;254;20;692;126;56;344;87;182;36;34;141;115;381;17;64;80;55;113;632;392;316;439;41;72;52;28;114;101;69;59;45;44;44;25;258;519;664;389;356
69;Infractions aux conditions générales d'entrée et de séjour des étrangers;4 906;58;6;1;0;30;160;5;3;3;4;9;0;174;8;0;5;6;4;2;8;2;2;3;42;17;21;12;2;26;17;59;84;0;80;66;60;5;11;57;0;2;8;20;0;45;23;0;4;1;14;36;5;2;4;47;1;3;165;4;127;35;1;81;3;164;7;371;165;25;121;0;6;1;297;102;583;83;125;118;2;8;2;2;84;85;2;9;13;0;4;6;113;122;181;188;234
70;Aide à l'entrée, à la circulation et au séjour des étrangers;289;8;0;0;0;10;12;0;0;0;0;1;0;7;3;0;0;0;0;0;2;0;0;1;3;3;0;0;0;8;1;0;11;0;1;3;5;0;0;3;0;0;0;0;0;2;0;0;0;0;0;0;0;0;0;10;0;0;20;0;8;7;0;19;0;3;0;5;5;3;11;0;2;0;18;10;16;5;16;7;0;1;0;0;4;9;0;0;8;0;0;0;5;0;2;3;8
71;Autres infractions à la police des étrangers;330;0;1;0;0;0;9;0;1;0;0;1;0;10;1;0;0;0;1;0;0;0;0;0;0;1;0;2;1;5;2;2;14;0;5;10;2;0;0;0;0;0;0;0;0;2;2;0;0;0;0;2;0;0;0;0;0;1;10;0;9;0;0;6;0;2;0;6;5;1;1;0;0;0;0;1;47;6;41;4;0;7;0;0;3;1;0;0;0;0;1;0;9;8;14;8;65
72;Outrages à dépositaires autorité;2 356;16;14;6;4;3;63;14;12;3;6;11;3;90;17;2;11;18;4;1;12;12;0;4;15;17;17;14;29;6;1;27;26;0;60;42;28;4;22;42;2;9;6;28;8;25;20;1;9;1;20;11;19;17;6;25;6;18;44;7;77;25;9;56;15;15;5;16;42;32;86;1;15;10;11;26;217;41;58;69;6;25;9;5;47;18;18;11;7;12;16;3;42;92;118;79;64
73;Violences à dépositaires autorité;2 482;14;5;9;2;2;55;6;7;1;6;11;1;138;18;1;6;20;5;3;15;19;1;8;16;10;15;17;22;6;2;24;38;2;55;43;20;5;26;38;2;7;6;20;4;50;28;1;8;0;18;9;13;15;11;29;8;10;33;3;95;19;8;41;13;18;4;12;35;25;100;7;10;20;3;13;273;54;60;78;11;27;8;7;41;11;19;17;10;15;7;1;53;87;154;85;74
74;Port ou détention armes prohibées;2 451;10;17;19;4;4;67;5;9;10;5;28;3;139;23;0;5;22;5;7;19;9;0;9;16;13;16;11;21;12;2;19;51;5;52;73;39;6;15;52;7;8;7;11;3;61;22;0;4;0;35;8;34;11;2;43;7;15;39;8;74;23;10;38;10;14;4;14;19;15;94;8;20;14;11;35;215;36;78;53;10;13;10;4;60;11;13;10;13;20;4;10;55;52;98;86;50
75;Atteintes aux intérêts fondamentaux de la Nation;73;2;1;0;0;0;0;0;0;0;0;0;0;4;0;0;0;0;0;0;0;0;0;0;1;1;0;0;0;0;1;2;0;0;1;0;2;0;0;0;0;0;1;0;0;0;2;0;0;0;0;1;3;0;0;0;0;1;14;0;1;2;0;3;2;0;0;0;1;4;4;0;0;1;0;3;6;1;0;0;0;0;0;1;5;0;0;1;0;0;0;0;0;0;0;1;0
76;Délits des courses et des jeux;30;0;0;0;0;0;1;0;0;0;1;0;0;0;0;0;0;0;0;0;0;0;0;0;0;0;0;0;0;0;0;0;0;0;1;0;0;0;0;0;0;0;0;0;0;0;0;0;1;0;0;0;0;0;0;0;0;0;1;0;0;0;0;0;0;0;0;0;1;0;0;0;0;0;0;0;22;0;0;0;0;0;0;0;0;0;0;0;0;0;0;0;0;0;2;0;0
77;Délits interdiction de séjour et de paraître;29;1;0;0;0;0;0;0;0;0;0;0;0;0;0;0;1;0;0;0;1;2;0;0;0;0;0;0;0;0;0;0;1;0;0;0;1;1;0;0;0;0;0;0;0;0;2;0;0;0;0;0;0;0;0;1;0;0;1;0;0;0;0;1;0;0;0;0;2;0;0;0;0;0;0;1;1;0;2;0;0;0;1;0;1;0;0;3;0;0;1;0;0;0;2;0;2
78;Destructions, cruautés et autres délits envers les animaux;224;4;5;0;1;0;3;2;1;1;2;0;1;3;0;1;4;4;0;0;3;1;1;0;0;0;3;0;2;2;1;4;6;0;5;2;4;0;1;4;0;3;2;4;0;4;4;0;2;0;6;0;4;1;2;4;3;5;1;1;7;5;2;11;4;3;1;5;7;1;4;2;2;0;0;6;4;4;4;1;2;2;3;3;2;0;4;0;0;4;2;1;1;1;2;5;2
79;Atteintes à l'environnement;263;2;0;0;1;0;2;49;0;8;0;2;3;5;0;0;0;2;0;1;0;4;0;1;4;2;0;0;8;7;4;2;4;1;3;3;4;0;2;7;4;1;2;2;1;6;1;0;3;10;3;8;0;0;3;0;1;8;5;2;2;5;2;6;2;0;1;2;5;1;4;1;1;2;2;4;1;3;3;2;1;2;1;0;2;3;1;2;5;0;0;0;1;0;1;1;3
80;Chasse et pêche;64;0;1;0;0;0;0;0;0;0;0;2;0;10;5;0;0;4;0;0;0;0;0;0;0;0;0;0;2;0;0;0;0;0;1;8;6;0;0;0;0;0;0;0;0;1;0;0;0;0;0;5;0;0;0;0;0;9;0;0;1;0;0;1;0;1;0;1;0;0;0;0;1;0;0;0;0;1;0;0;0;0;0;0;0;0;2;1;0;1;0;0;0;0;0;0;0
81;Faux documents d'identité;505;8;2;0;0;0;19;1;0;1;0;1;1;16;7;0;1;0;0;0;1;1;1;0;1;0;0;0;1;0;0;3;7;0;12;11;10;0;3;5;1;1;0;2;1;5;8;0;1;0;2;1;2;1;0;4;0;0;9;0;13;11;0;47;2;9;0;23;1;4;19;0;1;0;29;14;37;7;14;10;0;2;0;0;5;10;1;2;4;0;1;0;18;4;20;11;35
82;Faux documents concernant la circulation des véhicules;308;5;4;0;0;0;2;0;3;1;1;1;0;4;2;0;0;4;0;0;4;1;0;0;1;1;1;2;1;0;1;0;12;0;3;3;1;2;0;5;0;2;0;2;0;8;7;0;2;0;2;1;7;0;0;3;0;1;12;0;15;11;2;1;2;1;0;6;5;4;13;2;2;0;4;4;26;4;7;13;1;1;1;0;3;0;1;2;1;0;1;0;8;15;12;9;19
83;Autres faux documents administratifs;359;8;2;1;0;0;12;3;2;1;0;1;0;9;3;0;4;1;0;0;2;6;0;2;3;3;3;0;3;1;0;4;9;0;9;5;6;0;1;8;2;0;2;0;1;5;15;0;2;0;1;1;1;0;2;3;0;4;4;2;12;5;3;3;3;4;0;15;13;11;14;1;4;0;15;3;17;7;4;9;2;9;0;3;4;1;1;1;0;2;3;0;7;8;10;3;5
84;Faux en écriture publique et authentique;181;3;0;3;1;0;4;1;0;0;0;1;1;4;0;0;0;1;0;0;2;3;0;1;2;5;1;1;0;0;0;3;0;0;7;9;1;0;0;9;0;1;0;4;1;4;0;0;1;0;4;0;2;1;1;2;0;1;12;0;17;0;0;2;3;0;0;4;8;2;11;1;1;0;0;1;2;0;2;2;0;1;1;0;6;1;1;0;0;1;1;0;2;1;4;2;7
85;Autres faux en écriture;581;8;4;0;3;1;13;3;2;2;1;4;4;24;5;0;2;4;3;0;10;1;1;7;2;3;11;8;1;0;1;5;8;1;14;14;7;1;4;8;3;1;6;9;2;8;4;1;3;1;9;3;7;5;3;5;2;4;9;1;22;5;2;11;3;5;2;3;9;1;20;2;3;5;3;11;27;10;23;22;3;5;6;3;17;5;3;1;7;1;4;1;4;12;17;13;14
86;Fausse monnaie;82;1;0;0;0;0;2;0;3;0;0;1;0;0;1;0;0;0;0;1;2;1;0;3;2;1;1;0;0;0;0;2;1;1;1;1;0;0;0;2;1;1;0;1;0;0;0;0;0;0;3;0;0;0;0;1;0;0;2;0;11;0;0;1;0;1;0;0;2;0;2;0;2;0;2;0;5;0;2;1;0;1;0;1;2;0;0;0;0;2;0;0;1;4;2;3;1
87;Contrefaçons et fraudes industrielles et commerciales;165;2;17;10;0;0;2;0;0;0;0;0;2;4;0;0;0;2;0;1;1;0;0;0;0;0;6;1;0;0;0;0;34;1;2;3;1;0;0;0;0;0;0;2;1;2;2;0;0;0;0;0;0;0;1;0;2;0;3;0;2;0;0;0;1;0;0;1;0;1;2;0;6;0;0;0;4;1;1;7;0;16;0;0;1;4;0;1;0;0;0;0;2;5;2;0;6
88;Contrefaçons littéraires et artistique;16;0;0;0;0;0;0;0;0;0;1;0;0;0;0;0;0;0;0;0;0;0;0;0;0;0;0;0;0;0;0;1;0;0;0;0;0;0;0;0;0;0;0;0;1;1;0;0;0;0;0;0;1;0;0;0;0;0;0;0;8;0;0;0;0;0;0;0;0;0;0;0;0;0;0;0;0;0;0;0;0;0;0;0;0;1;0;0;0;0;0;0;0;1;1;0;0
89;Falsification et usages de chèques volés;5 596;32;292;26;7;15;236;14;63;9;49;51;8;193;30;0;29;33;35;11;19;34;3;26;160;16;28;59;80;9;12;37;62;6;70;66;92;4;15;60;8;19;51;31;4;79;72;3;63;1;158;32;24;69;8;122;4;39;35;2;309;28;16;72;33;71;5;17;37;13;241;17;44;29;33;38;273;130;188;94;25;37;19;22;43;23;19;22;6;28;60;2;73;209;302;101;102
90;Falsification et usages de cartes de crédit;2 984;11;14;5;6;7;208;4;5;0;12;3;6;225;11;1;8;21;4;5;12;17;5;6;5;17;4;7;19;1;5;36;67;6;33;71;40;4;8;33;7;8;6;31;5;34;20;1;9;2;19;5;7;5;5;22;0;7;16;7;89;24;3;56;18;40;3;28;18;14;140;5;14;14;13;25;384;33;61;94;9;22;9;7;76;22;13;5;9;6;13;5;58;171;111;120;84
91;Escroqueries et abus de confiances;14 257;152;104;72;29;29;382;149;47;39;62;74;23;491;103;12;66;108;58;33;105;95;18;78;136;122;122;94;281;34;32;150;429;24;355;298;272;35;104;222;43;64;70;135;28;347;158;36;65;14;118;96;107;46;43;180;35;136;217;32;435;157;32;269;139;81;41;85;290;134;439;42;101;102;81;144;779;238;319;355;67;115;41;58;278;130;98;88;53;52;56;31;308;498;407;374;331
92;Infractions à la législation sur les chèques;571;3;5;1;2;0;10;0;3;0;2;0;1;6;3;8;7;7;0;1;0;6;0;1;4;4;4;0;7;0;6;3;14;2;41;17;10;0;4;5;1;2;3;14;1;18;5;7;4;0;4;2;102;1;2;1;0;4;4;1;19;1;8;2;0;7;2;0;18;36;8;1;4;2;1;3;5;7;8;14;2;20;3;2;7;4;1;0;3;1;1;0;1;7;3;4;3
93;Travail clandestin;835;4;8;2;1;5;23;3;1;2;3;7;4;36;8;3;3;3;5;2;2;4;1;6;8;7;4;7;6;22;10;7;12;5;32;23;8;2;4;14;1;7;3;9;0;6;8;1;2;2;2;5;3;5;2;9;3;7;32;1;22;14;2;7;7;8;3;5;11;11;20;0;9;5;6;14;59;5;28;14;2;7;2;1;27;23;22;11;1;3;2;1;7;8;12;10;31
94;Emploi d'étranger sans titre de travail;211;1;0;0;0;3;8;0;0;0;0;0;0;10;1;0;0;0;1;0;2;0;0;5;2;2;0;0;0;8;7;3;7;0;2;4;6;1;1;0;0;0;0;0;0;1;2;0;0;0;1;1;0;1;0;0;0;0;6;0;5;4;0;1;0;2;0;2;2;2;9;0;2;1;2;4;16;3;15;10;0;2;0;0;11;15;0;0;1;1;0;0;3;2;2;2;6
95;Marchandage - prêt de main d'œuvre;22;0;0;0;1;0;0;0;0;0;0;0;0;0;0;0;0;0;0;0;0;0;0;0;0;2;0;0;0;0;0;0;1;0;0;0;0;0;0;0;0;0;1;0;0;0;0;0;0;0;0;0;0;1;0;0;0;0;0;0;3;0;0;0;0;0;0;2;0;0;2;0;0;1;0;1;0;1;0;0;0;0;0;0;0;3;0;0;0;0;0;0;0;0;0;0;3
96;Non utilisé;0;;;;;;;;;;;;;;;;;;;;;;;;;;;;;;;;;;;;;;;;;;;;;;;;;;;;;;;;;;;;;;;;;;;;;;;;;;;;;;;;;;;;;;;;;;;;;;;;
97;Non utilisé;0;;;;;;;;;;;;;;;;;;;;;;;;;;;;;;;;;;;;;;;;;;;;;;;;;;;;;;;;;;;;;;;;;;;;;;;;;;;;;;;;;;;;;;;;;;;;;;;;
98;Banqueroutes, abus de biens sociaux et autres délits de société;120;3;2;2;0;0;1;0;0;0;0;2;0;6;2;1;0;0;0;1;1;1;0;0;0;0;1;1;1;0;1;1;2;1;3;0;0;0;1;3;0;0;1;2;0;1;2;0;0;0;3;0;2;0;1;1;0;0;4;1;2;2;0;0;3;0;2;2;2;4;3;0;4;1;1;3;13;2;1;1;3;0;0;1;5;0;0;2;0;0;5;0;0;1;0;0;2
99;Non utilisé;0;;;;;;;;;;;;;;;;;;;;;;;;;;;;;;;;;;;;;;;;;;;;;;;;;;;;;;;;;;;;;;;;;;;;;;;;;;;;;;;;;;;;;;;;;;;;;;;;
100;Non utilisé;0;;;;;;;;;;;;;;;;;;;;;;;;;;;;;;;;;;;;;;;;;;;;;;;;;;;;;;;;;;;;;;;;;;;;;;;;;;;;;;;;;;;;;;;;;;;;;;;;
101;Prix illicites, publicité fausse et infractions aux règles de la concurrence;65;0;1;1;1;0;2;0;1;1;0;1;0;1;0;0;0;0;0;0;1;0;0;3;0;1;0;1;1;0;0;1;2;1;3;0;1;0;1;1;0;1;0;1;0;2;1;1;1;0;1;1;1;5;1;1;0;2;2;0;1;1;0;2;0;1;0;1;1;0;0;0;0;0;0;0;0;2;1;2;0;1;0;0;1;0;1;0;0;0;1;0;0;1;0;0;1
102;Achats et ventes sans factures;26;0;0;1;0;0;0;0;1;0;0;3;0;0;0;0;0;0;0;0;0;1;0;0;1;0;0;1;0;1;0;0;1;0;0;1;0;0;1;0;0;1;0;0;0;0;0;0;0;0;0;0;0;0;2;0;0;0;1;0;1;0;0;0;0;0;0;1;0;1;0;0;0;0;0;0;0;1;0;0;0;0;0;1;0;0;0;0;1;2;0;0;1;0;0;0;1
103;Infractions à l'exercice d'une profession réglementée;78;1;0;0;0;0;0;0;1;0;1;1;0;5;0;0;0;0;0;0;0;1;0;0;1;0;0;0;0;0;1;2;3;0;0;2;0;0;0;1;0;1;1;3;0;0;1;0;0;0;1;0;1;1;1;0;0;1;3;0;1;0;0;0;4;1;1;2;2;1;0;0;1;0;2;1;8;1;2;0;1;0;0;0;10;1;0;1;0;0;1;0;0;0;2;1;0
104;Infractions au droit de l'urbanisme et de la construction;207;3;1;1;1;1;27;4;0;1;0;0;1;12;2;0;0;3;0;0;2;1;0;0;0;1;1;0;1;1;5;1;2;1;2;3;0;0;0;5;1;1;1;3;1;11;2;0;1;0;2;2;1;0;0;1;1;4;6;0;2;4;0;1;1;1;2;1;2;0;0;1;2;0;0;5;0;2;6;3;1;1;3;1;29;6;4;1;0;0;1;0;0;0;1;2;3
105;Fraudes fiscales;70;0;0;0;0;0;1;0;0;0;0;0;0;2;1;0;0;0;0;0;0;0;0;1;0;1;1;0;0;0;0;0;1;0;2;2;0;0;0;0;0;1;1;1;0;0;0;0;0;0;0;0;1;0;1;0;0;0;7;1;0;1;2;1;0;0;0;0;1;2;1;0;0;0;1;2;25;1;0;0;0;0;0;0;1;0;0;0;0;0;1;0;0;1;2;2;1
106;Autres délits économiques et financiers;576;2;1;2;0;0;40;2;0;0;0;3;1;83;1;0;1;0;0;2;0;2;0;0;1;0;3;2;3;1;0;2;16;0;9;8;12;0;1;0;0;2;1;5;0;0;1;0;2;1;1;0;1;1;1;3;0;0;32;0;6;0;1;4;0;0;0;4;8;1;25;0;4;1;2;4;194;4;3;12;1;2;1;0;9;1;1;2;0;0;0;1;2;8;6;3;17
107;Autres délits;8 225;74;95;25;26;15;165;22;19;19;36;40;36;397;64;8;22;69;26;12;33;66;6;30;47;60;60;42;108;24;41;72;186;21;216;170;97;19;56;111;25;51;33;72;23;194;92;14;27;7;64;31;60;27;29;103;20;57;107;20;327;130;30;210;59;52;25;59;146;98;242;31;50;48;46;90;765;162;177;159;31;90;19;22;136;80;51;36;33;29;42;9;183;209;277;169;212
;Source : Etat 4001 annuel, DCPJ - Traitement ONDRP;;;;;;;;;;;;;;;;;;;;;;;;;;;;;;;;;;;;;;;;;;;;;;;;;;;;;;;;;;;;;;;;;;;;;;;;;;;;;;;;;;;;;;;;;;;;;;;;;
