;Tableau 9. Faits constatés par la police et la gendarmerie, par département de France métropolitaine, en septembre 2012.;;;;;;;;;;;;;;;;;;;;;;;;;;;;;;;;;;;;;;;;;;;;;;;;;;;;;;;;;;;;;;;;;;;;;;;;;;;;;;;;;;;;;;;;;;;;;;;;;
;;;;;;;;;;;;;;;;;;;;;;;;;;;;;;;;;;;;;;;;;;;;;;;;;;;;;;;;;;;;;;;;;;;;;;;;;;;;;;;;;;;;;;;;;;;;;;;;;;
N°Index;Index de l'Etat 4001;Métropole;Ain;Aisne;Allier;Alpes-de-Haute-Provence;Hautes-Alpes;Alpes-Maritimes;Ardèche;Ardennes;Ariège;Aube;Aude;Aveyron;Bouches-du-Rhône;Calvados;Cantal;Charente;Charente-Maritime;Cher;Corrèze;Côte-d'Or;Côtes-d'Armor;Creuse;Dordogne;Doubs;Drôme;Eure;Eure-et-Loir;Finistère;Corse-du-Sud;Haute-Corse;Gard;Haute-Garonne;Gers;Gironde;Hérault;Ille-et-Vilaine;Indre;Indre-et-Loire;Isère;Jura;Landes;Loir-et-Cher;Loire;Haute-Loire;Loire-Atlantique;Loiret;Lot;Lot-et-Garonne;Lozère;Maine-et-Loire;Manche;Marne;Haute-Marne;Mayenne;Meurthe-et-Moselle;Meuse;Morbihan;Moselle;Nièvre;Nord;Oise;Orne;Pas-de-Calais;Puy-de-Dôme;Pyrénées-Atlantiques;Hautes-Pyrénées;Pyrénées-Orientales;Bas-Rhin;Haut-Rhin;Rhône;Haute-Saône;Saône-et-Loire;Sarthe;Savoie;Haute-Savoie;Paris;Seine-Maritime;Seine-et-Marne;Yvelines;Deux-Sèvres;Somme;Tarn;Tarn-et-Garonne;Var;Vaucluse;Vendée;Vienne;Haute-Vienne;Vosges;Yonne;Territoire de Belfort;Essonne;Hauts-de-Seine;Seine-Saint-Denis;Val-de-Marne;Val-d'Oise
01;Règlements de compte entre malfaiteurs;7;0;0;0;0;0;0;0;0;0;0;0;0;0;0;0;0;0;0;0;0;0;0;0;0;0;0;0;0;1;3;0;0;0;0;0;0;0;0;1;0;0;0;0;0;0;0;0;0;0;0;0;0;0;0;0;0;0;0;0;0;0;0;0;0;0;0;0;0;0;0;0;0;0;0;1;0;0;0;0;0;0;0;0;1;0;0;0;0;0;0;0;0;0;0;0;0
02;Homicides pour voler et à l'occasion de vols;5;0;0;0;0;0;1;0;0;0;0;0;0;0;0;0;0;0;0;0;0;0;0;0;0;0;0;1;0;0;0;0;0;0;0;0;0;0;0;0;0;0;0;0;0;0;0;0;0;0;0;0;0;0;0;0;0;0;0;0;1;0;0;0;0;0;0;0;0;0;0;0;0;0;0;0;2;0;0;0;0;0;0;0;0;0;0;0;0;0;0;0;0;0;0;0;0
03;Homicides pour d'autres motifs;46;0;0;0;0;0;2;0;0;0;0;0;0;1;0;0;1;1;0;1;0;0;0;0;0;0;0;0;0;0;0;0;0;0;1;0;0;0;0;1;1;0;0;1;0;0;2;0;0;0;1;0;0;0;0;3;0;0;1;0;1;0;0;7;0;1;0;0;2;2;0;0;0;0;0;4;1;1;1;0;0;0;0;0;0;0;0;1;0;0;5;0;2;0;0;1;0
04;Tentatives d'homicides pour voler et à l'occasion de vols;7;0;0;0;0;0;0;0;0;0;0;0;0;1;0;0;0;0;0;0;0;0;0;0;0;2;0;0;0;0;0;0;0;0;0;0;0;0;0;0;0;0;0;0;0;0;0;0;0;0;0;0;0;0;0;0;0;0;0;0;0;0;0;0;0;0;0;0;0;0;0;0;0;0;0;0;2;0;0;0;0;0;0;0;0;2;0;0;0;0;0;0;0;0;0;0;0
05;Tentatives homicides pour d'autres motifs;100;0;2;0;1;0;0;0;0;0;1;0;0;3;2;0;0;0;1;0;0;0;0;0;1;1;0;1;0;0;0;0;1;0;5;4;2;0;2;9;2;0;1;0;0;1;2;0;2;0;1;0;0;0;0;1;0;0;1;0;1;1;0;1;1;2;0;1;0;1;1;1;0;1;0;2;8;4;0;3;0;1;0;0;1;0;1;1;0;0;0;0;7;4;0;7;3
06;Coups et blessures volontaires suivis de mort;12;0;1;0;0;0;0;0;0;0;0;0;0;0;0;0;0;0;0;0;0;0;0;0;0;0;0;0;0;0;0;0;0;0;0;1;0;0;1;0;0;0;0;0;0;0;0;0;0;0;0;0;1;0;0;0;0;1;0;0;0;0;0;1;0;0;0;0;0;0;0;0;0;0;0;0;2;0;1;0;0;0;0;0;0;1;0;0;0;0;0;0;0;1;0;1;0
07;Autres coups et blessures volontaires criminels ou correctionnels;15 492;106;158;42;36;29;336;55;73;41;78;86;32;650;153;26;53;118;45;44;78;100;7;52;106;132;141;91;225;26;41;176;287;28;360;292;205;36;109;261;40;76;64;139;26;245;134;21;49;14;119;58;168;41;41;207;36;119;222;42;853;240;61;552;114;99;41;140;270;155;442;65;89;117;92;173;734;330;365;280;54;182;45;70;271;138;82;73;67;64;96;42;352;363;791;419;396
08;Prises d'otages à l'occasion de vols;1;0;0;0;0;0;1;0;0;0;0;0;0;0;0;0;0;0;0;0;0;0;0;0;0;0;0;0;0;0;0;0;0;0;0;0;0;0;0;0;0;0;0;0;0;0;0;0;0;0;0;0;0;0;0;0;0;0;0;0;0;0;0;0;0;0;0;0;0;0;0;0;0;0;0;0;0;0;0;0;0;0;0;0;0;0;0;0;0;0;0;0;0;0;0;0;0
09;Prises d'otages dans un autre but;2;0;0;0;0;0;0;0;0;0;0;0;0;0;0;0;0;1;0;0;0;0;0;0;0;0;0;0;0;0;0;0;0;0;0;1;0;0;0;0;0;0;0;0;0;0;0;0;0;0;0;0;0;0;0;0;0;0;0;0;0;0;0;0;0;0;0;0;0;0;0;0;0;0;0;0;0;0;0;0;0;0;0;0;0;0;0;0;0;0;0;0;0;0;0;0;0
10;Séquestrations;143;0;0;0;0;0;5;2;0;0;0;1;0;7;1;0;1;0;0;2;0;0;0;1;3;1;1;0;2;0;1;4;1;0;4;2;2;0;0;2;0;0;0;1;0;2;4;0;0;0;2;0;2;0;2;2;0;2;1;0;5;1;1;5;0;0;1;2;2;1;5;0;2;2;1;2;10;1;5;3;1;2;0;1;2;1;0;1;1;1;1;0;2;9;3;2;6
11;Menaces ou chantages pour extorsion de fonds;743;6;4;4;1;1;19;4;1;0;2;4;1;29;7;0;2;1;1;1;2;7;0;2;8;9;5;5;6;0;1;5;23;1;19;13;3;1;5;16;0;0;1;15;1;7;10;1;1;0;5;2;4;3;5;8;2;4;1;1;29;14;2;15;4;2;2;5;12;13;27;2;3;5;3;18;93;13;11;13;1;3;3;1;8;4;1;1;1;2;2;0;25;28;33;30;24
12;Menaces ou chantages dans un autre but;6 204;39;47;23;13;8;142;14;33;12;19;26;12;373;40;9;33;50;11;18;49;32;9;26;34;67;31;24;51;15;34;91;103;10;149;97;79;9;37;110;18;22;30;62;10;92;73;7;27;10;44;13;49;20;29;77;14;37;87;14;328;59;29;152;69;46;30;55;143;77;227;19;30;59;32;56;250;179;139;120;30;92;19;27;118;68;33;33;18;20;39;13;113;186;268;134;180
13;Atteintes à la dignité et à la  personnalité;2 142;18;31;17;6;2;69;7;9;6;10;9;2;141;26;0;10;21;8;6;18;21;3;5;15;8;16;12;19;4;4;20;55;4;37;30;14;4;19;45;8;12;10;20;6;29;22;5;13;1;12;5;30;6;9;37;4;10;38;0;143;20;13;46;17;8;4;11;45;24;72;7;11;17;20;21;153;73;29;38;11;31;6;6;44;16;12;7;7;10;21;6;32;24;45;21;43
14;Violations de domicile;632;4;16;1;3;1;27;4;2;3;2;0;2;34;1;1;4;10;1;2;5;6;0;2;9;7;8;3;12;2;2;8;8;1;17;12;8;2;3;11;2;7;4;4;2;6;3;1;2;1;4;3;4;2;2;2;4;7;10;1;17;9;3;22;5;3;2;8;6;1;21;1;4;5;4;7;33;16;11;9;2;8;3;4;12;8;4;4;4;3;1;0;18;10;21;16;12
15;Vols à main armée contre des établissements financiers;11;0;0;0;0;0;0;0;0;0;0;0;0;0;0;0;0;0;0;0;0;0;0;0;0;0;0;0;0;1;0;0;1;0;1;0;0;0;0;0;0;0;0;0;0;0;0;0;0;0;0;0;0;0;0;0;0;2;0;0;2;0;0;0;1;0;0;0;0;0;0;0;0;0;1;0;1;0;0;0;0;0;0;0;0;0;1;0;0;0;0;0;0;0;0;0;0
16;Vols à main armée contre des établissements industriels ou commerciaux;187;1;1;0;2;0;5;1;0;0;0;3;1;23;0;0;0;0;0;0;1;1;0;0;1;3;0;3;1;1;2;2;8;1;1;10;3;0;1;4;1;0;1;1;0;1;2;0;0;0;0;0;0;1;0;3;0;1;3;0;13;6;1;2;1;0;2;0;2;3;6;0;0;0;0;1;12;0;4;1;0;1;1;0;2;8;2;0;1;2;0;0;5;1;3;7;6
17;Vols à main armée contre des entreprises de transports de fonds;1;0;0;0;0;0;0;0;0;0;0;0;0;0;0;0;0;0;0;0;0;0;0;0;0;1;0;0;0;0;0;0;0;0;0;0;0;0;0;0;0;0;0;0;0;0;0;0;0;0;0;0;0;0;0;0;0;0;0;0;0;0;0;0;0;0;0;0;0;0;0;0;0;0;0;0;0;0;0;0;0;0;0;0;0;0;0;0;0;0;0;0;0;0;0;0;0
18;Vols à main armée contre des particuliers à leur domicile;42;1;0;0;0;0;1;0;0;0;0;0;0;4;1;0;0;0;0;0;0;0;0;0;1;1;1;1;0;0;0;1;2;0;1;1;0;1;0;0;0;0;0;0;1;0;0;0;0;0;0;1;0;0;0;0;1;0;1;0;1;1;0;2;0;0;0;2;3;0;3;0;0;0;1;0;1;0;1;0;0;0;0;0;0;0;0;0;0;0;0;0;0;0;2;2;2
19;Autres vols à main armée;97;0;0;1;0;0;2;0;0;0;1;0;0;11;0;0;0;1;1;0;0;0;0;0;0;3;0;1;0;1;1;3;5;0;0;1;0;0;1;4;0;0;0;1;1;2;2;0;0;0;0;0;1;0;0;2;0;1;2;0;5;4;1;1;0;1;0;0;3;0;3;0;0;0;1;1;8;1;3;0;1;0;0;0;1;2;1;0;0;0;0;0;4;3;2;0;2
20;Vols avec armes blanches contre des établissements financiers, commerciaux ou industriels;72;1;0;1;0;0;2;0;0;0;0;0;0;3;1;0;0;0;0;0;1;1;0;0;1;0;0;0;0;0;0;0;3;1;1;0;0;0;0;4;0;0;2;0;0;1;0;0;0;0;0;0;0;0;0;0;0;1;1;1;7;0;0;1;0;0;0;2;2;0;1;0;0;0;0;2;5;0;1;0;0;1;1;0;1;0;1;0;0;3;1;0;0;3;1;11;2
21;Vols avec armes blanches contre des particuliers à leur domicile;43;0;0;2;0;0;1;0;1;0;0;0;0;2;0;0;0;0;0;0;0;0;0;1;0;0;0;0;0;0;0;0;1;0;2;1;0;0;0;2;0;2;0;1;0;0;1;0;0;0;0;0;0;0;1;3;0;0;0;0;3;1;0;0;0;0;0;0;0;2;0;0;0;0;1;0;3;1;2;1;0;0;2;0;0;0;0;0;0;0;0;0;0;1;2;2;1
22;Autres vols avec armes blanches;495;1;0;0;0;0;8;0;1;0;0;2;1;58;1;0;0;3;1;0;1;1;0;1;0;3;4;4;3;0;0;5;22;0;1;26;3;0;1;11;0;0;0;1;1;4;5;0;0;0;1;0;5;1;0;9;1;2;5;0;25;0;0;5;0;0;0;0;8;2;17;0;1;2;1;2;93;2;13;15;0;1;1;0;1;3;0;0;3;1;4;0;20;10;30;17;21
23;Vols violents sans arme contre des établissements financiers, commerciaux ou industriels;40;0;0;0;0;0;0;0;0;0;0;0;0;1;1;0;1;1;0;1;0;0;0;0;0;0;0;1;1;0;0;0;1;0;0;2;0;0;0;0;0;0;0;0;0;2;0;1;1;0;0;0;1;0;0;1;1;0;1;1;0;1;0;0;0;0;0;0;0;1;0;0;0;0;1;0;2;0;3;2;0;1;0;0;0;0;0;1;0;0;0;0;2;2;2;0;3
24;Vols violents sans arme contre des particuliers à leur domicile;103;1;2;0;1;0;1;1;0;0;0;0;0;2;1;0;1;0;0;1;1;0;0;0;1;1;1;0;2;0;0;5;1;0;2;4;0;0;2;2;1;1;1;2;0;5;2;0;0;1;1;0;2;0;0;2;0;0;0;1;9;2;0;3;0;0;0;0;1;1;4;0;0;0;0;3;10;2;0;0;0;0;0;1;1;2;0;1;0;2;2;1;0;0;2;2;2
25;Vols violents sans arme contre des femmes sur voie publique ou autre lieu public;4 483;3;8;5;8;0;148;3;2;0;8;10;1;595;18;0;4;5;0;1;7;7;0;0;3;15;3;18;18;4;2;36;116;1;70;125;12;1;11;29;3;4;4;34;1;19;22;0;8;0;6;0;19;2;2;32;3;3;28;1;204;27;1;31;12;11;8;36;31;21;111;3;4;2;8;9;719;78;109;98;1;11;5;6;58;23;2;0;2;3;4;5;73;210;616;266;187
26;Vols violents sans arme contre d'autres victimes;4 078;3;5;2;4;1;122;1;4;0;11;11;0;478;22;1;4;8;5;2;16;11;1;1;6;34;13;15;26;2;2;39;99;0;85;105;22;1;13;38;1;10;7;22;0;59;24;2;8;1;21;2;32;4;2;25;2;7;24;5;205;33;5;60;18;12;9;12;38;23;145;3;4;11;10;20;559;68;108;127;3;24;3;9;50;27;2;5;8;6;7;7;99;197;385;183;122
27;Cambriolages de locaux d'habitations principales;16 481;127;190;59;32;23;461;65;51;49;95;121;41;1 010;116;11;69;164;38;24;86;45;5;70;106;251;95;74;114;23;17;322;647;38;338;416;167;31;178;481;47;107;67;182;32;398;136;19;90;11;151;31;219;26;27;173;44;168;221;25;763;209;23;253;109;108;41;151;141;146;596;55;126;78;85;206;662;223;402;305;53;124;121;94;261;217;97;45;52;67;59;20;413;302;636;478;336
28;Cambriolages de résidences secondaires;1 060;14;9;7;8;1;59;12;3;4;4;14;5;39;18;4;8;20;9;1;3;11;5;9;2;7;14;10;23;11;2;29;21;2;15;35;13;12;5;16;3;30;8;2;5;16;20;5;5;6;12;12;2;1;2;5;2;28;5;8;10;7;9;9;17;14;3;12;5;10;5;8;19;8;16;23;7;8;18;2;0;15;10;11;74;12;16;4;3;5;12;0;12;3;2;2;8
29;Cambriolages de  locaux industriels, commerciaux ou financiers;4 557;62;44;18;15;11;59;17;12;10;31;25;46;151;40;5;14;41;24;27;39;50;10;33;50;65;36;27;75;7;4;63;125;12;109;72;54;17;51;121;42;39;26;65;11;144;44;21;29;12;83;23;46;20;19;46;16;100;68;14;173;46;21;84;59;25;10;24;63;54;127;19;49;36;46;78;190;68;80;52;34;59;25;22;49;35;63;29;39;21;45;13;73;49;64;58;35
30;Cambriolages d'autres lieux;4 479;44;51;23;20;7;140;20;30;6;28;25;6;203;34;5;27;34;23;14;45;37;5;23;36;40;37;38;56;6;5;64;96;24;78;80;68;12;52;115;19;26;34;62;13;120;46;11;16;1;71;19;55;22;10;71;18;46;79;12;236;41;16;108;62;46;13;32;82;75;166;21;35;35;36;62;158;88;70;74;20;45;14;19;37;34;42;18;13;17;29;6;55;62;100;52;52
31;Vols avec entrée par ruse en tous lieux;628;4;1;1;0;0;38;2;3;1;0;4;1;19;9;2;3;5;0;1;5;8;0;3;5;2;2;3;4;0;0;8;28;1;10;10;5;3;8;17;0;1;2;3;0;12;4;0;4;0;7;2;3;1;3;6;0;4;5;2;20;4;1;9;0;4;4;5;2;8;16;2;5;7;4;4;58;8;9;17;3;5;1;1;5;10;6;4;4;3;1;3;14;47;26;17;16
32;Vols à la tire;8 065;40;26;4;15;8;398;22;7;10;13;36;4;435;58;3;22;32;14;6;38;22;6;21;32;25;42;21;40;7;11;65;177;4;216;204;56;8;30;126;9;23;18;66;11;385;38;4;35;0;29;18;51;2;16;57;5;46;59;7;591;52;6;53;47;25;47;49;108;33;96;16;19;43;11;58;1 503;74;166;101;25;35;17;20;157;41;32;26;29;17;18;5;155;249;387;264;307
33;Vols à l'étalage;5 278;31;58;17;9;9;67;22;21;10;45;46;22;132;83;10;14;38;26;12;47;28;6;32;51;41;33;26;83;0;3;34;136;12;204;65;62;14;51;51;16;27;15;82;3;116;23;7;18;2;57;29;31;16;11;56;10;53;72;11;124;61;9;123;46;49;13;16;89;58;204;18;53;27;21;47;370;73;165;198;22;45;10;16;52;49;38;52;32;17;36;16;124;121;241;204;133
34;Vols de véhicules de transport avec fret;37;0;0;0;0;0;1;0;0;0;0;0;0;6;2;0;0;0;1;0;0;0;0;0;0;1;0;0;0;0;0;0;0;0;1;0;1;0;1;0;0;0;0;1;0;0;1;0;0;0;0;0;0;0;0;1;0;1;0;0;2;2;0;2;0;0;0;1;0;0;1;0;1;0;0;0;2;0;1;0;2;0;0;0;1;0;0;0;0;0;2;0;1;0;1;0;0
35;Vols d'automobiles;8 485;53;73;13;14;10;175;25;23;11;23;52;8;618;36;0;22;73;26;9;50;37;6;23;38;118;65;60;58;16;28;153;185;10;161;218;61;12;57;217;28;21;39;105;10;192;104;10;17;3;54;26;89;16;16;70;19;74;65;29;484;260;8;109;74;39;13;95;58;44;280;8;52;35;51;84;217;133;311;227;27;86;36;26;123;100;48;23;18;23;47;8;336;188;449;216;325
36;Vols de véhicules motorisés à 2 roues;5 825;25;15;28;8;4;359;18;14;5;18;31;22;421;39;1;11;48;13;9;34;35;4;16;37;81;35;27;70;21;25;53;119;8;130;170;51;13;40;93;12;25;14;25;6;167;28;6;11;2;52;19;41;12;10;32;3;33;57;12;177;43;8;91;33;49;19;54;72;48;161;4;32;41;37;71;555;92;75;119;26;34;28;14;208;27;52;24;15;13;27;5;115;241;179;223;95
37;Vols à la roulotte;19 466;94;98;44;53;38;540;63;34;23;49;121;28;1 311;117;12;70;145;36;26;76;85;6;84;122;208;104;93;177;42;45;345;734;22;491;644;258;26;94;438;36;150;66;144;31;557;157;24;95;9;136;60;138;28;32;193;35;142;259;35;1 152;358;21;303;163;132;52;264;187;183;680;23;58;72;92;155;880;314;438;296;38;133;76;78;332;240;122;65;60;56;63;12;376;582;1 045;641;401
38;Vols d'accessoires sur véhicules à moteur immatriculés;9 765;61;67;26;26;11;169;26;38;16;36;49;15;572;73;7;36;119;55;22;63;38;7;30;70;86;92;58;108;21;24;150;308;14;235;250;157;40;79;201;24;56;48;121;27;366;116;13;38;3;113;63;99;39;34;141;16;94;158;44;396;136;20;189;79;49;26;113;122;53;305;21;52;46;52;63;176;207;255;253;43;63;35;31;130;91;70;71;51;30;72;9;278;220;352;277;261
39;Vols simples sur chantier;1 320;14;12;4;3;4;15;3;8;4;11;1;8;48;16;2;10;22;6;2;8;8;0;5;10;11;13;6;12;0;3;15;29;2;49;38;19;1;9;44;9;11;8;20;10;30;13;1;4;1;12;6;14;5;3;22;4;19;20;6;63;16;3;29;18;14;4;21;34;22;27;12;15;12;10;18;13;29;30;11;14;10;4;5;17;8;22;12;10;9;3;4;14;17;30;29;18
40;Vols simples sur exploitation agricole;912;2;20;10;4;4;2;8;16;4;15;10;6;7;8;4;5;20;10;8;13;16;4;7;4;20;9;12;12;0;0;17;16;2;19;13;13;15;4;13;6;6;13;9;15;29;8;2;6;2;18;14;31;6;4;5;10;9;8;4;7;15;7;8;26;4;7;19;24;25;4;9;4;8;6;5;0;20;14;1;17;17;6;10;4;9;10;7;7;9;17;1;5;0;0;0;3
41;Autres vols simples contre des établissements publics ou privés;6 502;60;54;13;17;15;92;21;19;10;26;26;27;173;99;14;30;64;23;24;54;50;9;29;60;49;57;30;102;7;5;92;292;19;204;135;107;15;76;139;29;50;34;70;30;175;78;12;24;8;63;28;64;11;26;94;25;52;109;20;254;96;20;173;50;59;25;61;99;79;217;28;43;68;33;61;303;99;139;101;35;75;44;31;110;77;50;35;31;47;72;17;107;132;114;84;93
42;Autres vols simples contre des particuliers dans  des locaux privés;15 342;123;139;80;48;37;422;56;59;26;57;98;53;566;142;15;59;230;67;44;99;110;17;104;130;172;133;79;223;42;39;258;411;32;541;451;275;39;90;288;58;138;89;104;28;417;113;51;81;10;200;75;160;38;49;126;41;141;243;44;800;186;34;290;112;127;44;201;254;151;434;60;78;85;88;214;533;305;275;257;85;159;66;51;279;169;130;106;39;58;90;56;224;378;301;331;232
43;Autres vols simples contre des particuliers dans des locaux ou lieux publics;28 050;132;133;72;45;30;1 007;73;51;55;87;141;38;1 224;226;30;100;290;68;45;196;162;11;79;159;190;121;115;347;82;81;271;850;35;793;590;343;30;282;451;59;190;71;203;32;509;170;36;77;16;271;89;217;31;63;334;44;191;272;45;857;269;61;461;181;192;101;270;441;225;1 197;39;165;192;158;258;3 976;390;444;691;68;230;74;68;695;226;166;102;84;73;102;51;512;984;960;609;523
44;Recels;2 820;22;24;13;1;4;77;5;10;0;14;15;1;150;18;1;11;19;3;1;33;8;2;7;15;25;20;9;12;1;10;15;57;1;70;91;27;12;18;120;4;27;7;23;4;57;20;3;19;2;39;5;17;10;4;20;20;17;32;1;121;30;5;41;11;11;6;20;27;36;123;9;15;16;17;21;280;50;46;70;8;14;10;13;35;24;8;16;13;5;12;3;48;68;182;61;72
45;Proxénétisme;35;1;0;0;0;0;0;0;0;0;0;0;0;1;0;0;0;0;0;0;0;0;0;0;0;2;0;0;0;0;0;1;2;0;0;1;0;0;0;0;0;0;0;1;0;0;1;0;0;0;1;0;0;0;0;1;0;1;1;0;4;1;0;0;0;0;0;0;0;0;7;0;1;0;1;0;3;0;2;0;0;0;0;0;0;0;0;0;0;0;0;0;0;1;0;1;0
46;Viols sur des majeur(e)s;387;2;2;3;2;1;6;0;0;0;1;2;0;12;2;2;1;3;1;4;2;2;0;0;1;3;3;0;3;0;2;3;5;4;8;7;11;0;2;7;0;2;2;4;2;6;4;1;3;2;3;2;2;0;0;4;1;2;6;0;20;5;2;13;3;3;1;0;6;7;15;0;1;1;3;4;38;3;2;9;2;5;1;1;4;4;1;5;1;0;3;0;10;15;27;11;8
47;Viols sur des mineur(e)s;437;7;7;1;0;0;6;5;1;5;4;0;0;16;3;0;5;6;0;1;2;3;0;6;5;7;6;2;8;0;2;3;5;1;15;9;6;0;2;17;1;4;4;9;0;5;15;1;0;3;3;4;4;0;2;1;1;4;4;2;17;9;1;13;2;3;3;4;7;0;13;4;5;10;3;5;7;11;11;3;2;6;4;6;6;4;4;3;2;2;2;1;7;5;3;7;9
48;Harcèlements sexuels et autres agressions sexuelles contre des majeur(e)s;460;1;3;1;2;0;5;1;1;1;2;3;1;16;7;0;3;3;3;0;8;1;0;3;4;4;3;2;8;0;0;4;9;2;7;4;9;1;6;7;1;2;1;4;2;7;7;2;0;4;7;7;2;0;1;3;0;4;8;0;24;6;2;11;1;0;0;4;14;1;15;0;3;5;4;4;42;9;9;9;8;6;6;2;4;2;4;1;2;0;3;1;9;8;17;12;15
49;Harcèlements sexuels et autres agressions sexuelles contre des mineur(e)s;757;5;8;2;0;0;10;5;6;2;7;5;4;8;10;2;10;3;3;1;3;2;0;10;9;4;7;7;13;1;0;9;14;1;12;9;9;3;5;11;3;4;2;10;6;14;11;1;4;0;15;8;9;2;0;7;4;6;10;1;57;13;5;40;9;4;1;2;28;4;15;3;11;12;4;11;21;16;10;9;8;10;4;5;11;2;10;6;3;4;12;4;13;14;14;12;13
50;Atteintes sexuelles;1 143;4;5;1;0;2;23;2;6;2;1;7;1;35;10;1;4;9;1;4;5;7;0;3;6;14;4;2;17;1;2;12;19;4;58;31;12;4;10;21;2;11;3;4;1;19;10;0;1;0;11;6;5;1;5;13;1;6;7;4;59;18;1;26;12;11;3;9;21;6;34;5;4;8;7;8;218;32;16;18;4;10;1;1;21;5;8;6;3;0;5;3;17;25;33;9;16
51;Homicides commis contre enfants de moins de 15 ans;3;0;0;0;0;0;0;0;0;0;0;0;0;0;0;0;0;0;0;0;0;0;0;0;0;0;0;0;0;0;0;0;0;0;0;0;0;0;0;0;0;0;0;1;0;0;0;0;0;0;1;0;0;0;0;0;0;0;0;0;0;0;0;0;0;0;0;1;0;0;0;0;0;0;0;0;0;0;0;0;0;0;0;0;0;0;0;0;0;0;0;0;0;0;0;0;0
52;Violences, mauvais traitements et abandons d'enfants.;1 655;11;15;9;7;5;36;2;9;7;12;5;3;44;26;1;6;14;9;1;12;8;2;3;15;16;13;14;23;0;1;20;47;4;27;26;14;6;16;30;5;4;7;18;2;23;26;2;3;1;13;14;34;11;11;26;4;13;36;1;99;30;5;42;10;7;5;6;42;31;71;7;15;29;7;11;24;31;45;27;14;37;3;3;31;17;12;4;9;14;9;8;30;32;50;37;28
53;Délits au sujet de la garde des mineurs;2 325;27;45;14;7;6;29;18;10;12;16;19;13;51;50;2;12;41;9;4;22;16;3;17;28;29;45;8;38;5;4;34;52;4;65;67;61;3;22;60;12;15;10;18;7;47;20;3;17;2;19;12;24;6;6;17;7;28;53;8;74;39;10;27;28;20;11;25;59;33;60;6;23;14;12;36;68;51;28;34;8;12;12;11;39;26;28;19;5;10;14;9;26;41;42;30;36
54;Non versement de pension alimentaire;1 299;15;6;7;12;4;28;9;6;3;6;14;8;45;15;3;1;13;2;1;8;16;2;19;12;15;11;4;24;3;3;24;25;1;45;37;13;2;7;27;5;7;3;13;3;23;22;3;22;1;9;9;12;8;4;10;2;18;55;1;33;30;4;21;15;13;2;16;18;21;38;7;13;7;9;32;36;19;22;9;5;9;8;7;40;21;12;3;4;9;11;2;13;23;22;7;12
55;Trafic et revente sans usage de stupéfiants;404;3;2;2;0;4;10;3;1;0;0;1;0;31;3;0;0;3;1;1;3;2;0;0;5;1;1;3;4;1;0;0;2;0;6;7;5;0;0;5;0;2;1;2;0;3;1;0;0;0;0;0;3;1;1;6;0;1;6;2;33;2;1;4;4;3;0;2;4;4;2;2;1;2;0;4;40;2;5;9;2;4;0;0;4;1;2;1;1;2;2;1;7;28;60;19;7
56;Usage-revente de stupéfiants;938;7;12;6;2;6;23;4;1;4;0;1;1;27;15;0;6;6;6;0;10;6;0;10;5;5;8;12;16;3;0;4;16;0;28;23;8;10;14;8;10;3;12;12;2;6;23;1;0;1;5;8;12;5;6;15;10;8;21;2;49;4;0;28;9;2;2;8;26;18;14;3;4;8;1;9;58;10;22;16;15;11;7;0;15;13;7;1;6;8;2;5;19;14;17;16;16
57;Usage de stupéfiants;12 975;92;78;67;44;40;334;42;34;41;29;55;14;434;104;17;52;120;35;29;59;47;9;35;63;91;90;89;151;39;16;96;223;22;371;282;90;50;114;177;37;32;81;96;39;185;146;38;31;10;70;31;140;44;37;149;34;72;225;30;873;125;19;263;63;107;36;73;122;67;417;48;65;58;67;173;785;125;514;439;43;89;38;20;320;88;73;88;33;60;54;46;280;546;703;431;322
58;Autres infractions à la législation sur les stupéfiants;617;10;3;15;0;0;15;5;4;2;1;5;0;25;2;3;9;2;0;1;6;9;1;5;2;12;20;8;5;1;2;4;6;1;28;44;6;3;1;9;0;7;2;3;7;3;2;0;2;1;6;2;1;1;4;10;0;2;2;0;5;1;0;5;8;3;3;4;11;1;20;5;0;6;3;6;63;9;3;28;1;3;6;0;1;1;0;4;0;2;6;2;9;19;45;2;2
59;Délits de débits de boissons et infraction à la réglementation sur l'alcool  et le tabac;62;0;0;1;0;0;4;0;0;0;0;2;0;5;2;0;0;1;0;0;0;0;1;1;0;1;1;0;0;1;2;0;2;0;6;5;0;0;5;1;0;1;0;1;0;0;0;0;0;0;1;0;0;0;0;0;0;0;0;0;1;0;0;0;0;1;0;0;0;0;5;1;0;0;1;2;2;0;0;1;0;0;0;0;0;0;0;0;2;0;0;1;0;0;1;0;0
60;Fraudes alimentaires et infractions à l'hygiène;32;0;0;0;0;0;3;0;0;0;0;2;0;0;0;0;0;0;0;0;0;0;1;0;2;0;0;1;0;0;0;0;0;0;0;1;1;0;0;0;1;0;0;1;0;0;1;0;0;1;1;1;0;1;0;0;0;0;0;0;1;0;0;0;0;0;0;1;0;0;1;0;0;1;0;0;0;0;1;0;0;0;0;0;1;0;1;0;0;1;1;0;2;0;1;0;2
61;Autres délits contre santé publique et la réglementation des professions médicales;18;0;0;1;0;0;0;0;0;0;0;0;0;1;0;0;0;0;1;0;0;0;0;0;0;0;0;0;0;0;0;0;0;0;1;0;0;0;0;0;0;0;0;0;0;0;0;0;0;0;0;1;0;0;0;0;0;0;0;0;1;0;0;0;0;0;0;0;0;0;0;0;0;0;0;0;8;0;0;0;0;0;0;0;1;0;1;0;0;0;0;0;1;1;0;0;0
62;Incendies volontaires de biens publics;394;3;8;1;3;1;1;3;3;0;1;2;1;10;3;0;2;3;1;3;1;3;0;2;2;4;5;4;3;1;2;9;5;2;3;10;3;1;2;3;2;2;1;1;0;12;4;0;0;0;3;3;1;1;1;6;1;7;13;0;21;8;6;16;3;2;2;5;12;3;6;2;10;6;4;3;7;9;9;6;4;13;3;2;5;2;2;0;0;0;6;0;6;7;14;11;7
63;Incendies volontaires de biens privés;2 650;11;32;6;3;4;26;9;11;1;14;9;7;82;32;1;18;16;21;2;17;3;1;5;16;21;20;27;39;11;13;54;47;2;34;22;19;8;28;100;7;10;5;53;1;46;21;0;4;0;33;10;55;7;1;37;5;8;41;3;213;50;6;112;23;5;0;20;67;51;123;7;11;12;11;18;26;87;54;72;8;52;16;5;31;37;8;8;8;5;32;12;60;46;115;50;50
64;Attentats à l'explosif contre des biens publics;0;0;0;0;0;0;0;0;0;0;0;0;0;0;0;0;0;0;0;0;0;0;0;0;0;0;0;0;0;0;0;0;0;0;0;0;0;0;0;0;0;0;0;0;0;0;0;0;0;0;0;0;0;0;0;0;0;0;0;0;0;0;0;0;0;0;0;0;0;0;0;0;0;0;0;0;0;0;0;0;0;0;0;0;0;0;0;0;0;0;0;0;0;0;0;0;0
65;Attentats à l'explosif contre des biens privés;16;0;0;0;0;0;0;0;0;0;0;0;0;0;0;0;0;0;0;0;0;0;0;0;0;0;0;0;0;7;7;0;0;0;0;0;0;0;0;0;0;0;0;0;0;0;0;0;0;0;0;0;0;0;0;0;0;0;0;0;0;0;0;0;0;0;0;0;0;0;0;0;0;0;0;0;0;0;0;0;0;0;0;0;0;0;0;0;0;0;0;0;0;0;2;0;0
66;Autres destructions et dégradations de biens publics;2 814;31;29;16;4;4;24;14;14;6;16;18;9;65;21;10;9;17;14;12;24;16;2;14;29;22;31;15;56;1;5;42;67;8;87;35;44;7;20;53;4;16;29;28;12;50;27;12;7;1;36;25;23;7;13;33;6;30;39;7;102;33;19;60;39;23;7;21;73;40;128;7;25;31;9;24;107;167;67;61;10;30;12;8;20;20;23;23;11;19;19;5;38;63;80;35;39
67;Autres destructions et dégradations de biens privés;8 988;35;102;44;13;7;124;13;29;16;19;49;5;408;88;8;30;88;28;28;78;49;1;24;55;79;47;25;161;15;7;83;132;13;265;158;134;17;63;176;17;24;22;134;18;173;29;30;21;6;86;52;132;13;10;121;7;75;157;15;536;78;33;265;87;58;18;57;118;97;294;12;32;48;56;72;583;322;176;232;24;68;32;13;67;48;54;38;25;34;30;15;176;219;582;295;236
68;Destructions et dégradations de véhicules privés;11 448;43;56;56;25;13;165;9;59;10;55;52;10;341;113;30;105;101;38;29;73;113;0;47;80;81;47;60;201;70;19;136;188;18;294;157;162;15;131;158;8;37;48;112;19;257;66;5;46;1;101;82;149;12;13;139;11;108;168;22;673;121;46;384;88;146;33;36;174;91;363;10;62;78;56;108;471;389;220;409;39;109;39;15;110;99;35;72;35;28;40;27;220;466;719;361;312
69;Infractions aux conditions générales d'entrée et de séjour des étrangers;4 890;66;4;2;0;19;174;1;5;0;3;29;2;147;2;3;4;5;2;2;7;3;1;1;56;25;17;7;12;19;20;52;120;0;75;104;45;5;15;49;0;1;1;9;0;62;16;0;2;0;12;20;2;2;0;32;1;3;147;7;282;42;1;78;7;151;2;516;136;18;102;0;3;3;399;128;459;72;123;78;2;4;1;6;66;89;10;13;15;1;4;3;79;81;145;161;190
70;Aide à l'entrée, à la circulation et au séjour des étrangers;309;8;0;0;0;11;10;0;0;0;0;3;0;34;1;1;0;0;0;0;9;0;0;1;4;0;0;1;0;8;2;5;9;0;3;5;8;0;0;2;0;0;0;0;0;1;2;0;0;0;0;1;0;0;0;8;0;0;12;0;13;6;0;11;2;16;0;6;4;4;5;1;0;0;19;9;9;7;5;3;0;0;0;0;1;5;0;0;2;0;0;0;5;0;3;8;16
71;Autres infractions à la police des étrangers;243;2;0;0;0;0;10;0;0;0;0;5;0;9;0;0;0;0;0;0;0;1;0;0;0;1;0;0;0;1;0;1;19;0;10;2;2;0;0;0;0;0;1;1;0;1;2;0;0;0;0;0;1;0;2;0;1;0;11;0;0;0;0;1;0;2;1;6;1;2;2;0;0;1;1;1;9;1;39;5;0;0;0;0;5;1;0;0;2;0;0;0;14;4;20;11;31
72;Outrages à dépositaires autorité;2 149;22;18;8;2;2;40;4;16;3;4;13;7;68;18;4;11;9;1;5;12;15;2;6;11;20;14;19;23;1;1;25;32;7;34;38;38;5;13;50;4;6;2;25;3;29;18;1;8;0;12;5;18;9;5;24;9;14;32;2;80;20;5;61;21;16;5;27;42;33;81;7;9;19;15;24;174;36;52;66;13;20;10;4;38;18;9;16;5;16;12;6;45;81;106;50;60
73;Violences à dépositaires autorité;2 093;15;12;5;1;1;55;2;5;4;9;12;5;115;22;3;7;7;0;7;13;14;1;2;7;20;18;15;19;3;2;16;42;6;42;35;29;3;11;33;5;3;4;22;2;43;16;2;11;0;15;8;22;8;6;23;1;10;34;4;74;28;8;51;14;9;6;12;34;18;105;1;8;12;4;11;195;50;56;62;9;21;7;2;34;16;16;10;5;11;10;5;45;66;115;53;53
74;Port ou détention armes prohibées;2 523;13;21;17;11;1;53;18;10;7;12;12;6;145;23;6;5;21;2;3;28;11;0;9;16;34;12;13;22;9;7;33;63;3;66;53;35;4;14;58;14;5;8;6;3;52;20;5;4;1;28;3;31;11;4;30;7;10;47;9;120;17;4;41;16;12;8;15;25;28;101;5;15;28;5;20;207;34;81;62;6;18;11;3;44;19;10;20;10;15;16;4;44;49;105;66;65
75;Atteintes aux intérêts fondamentaux de la Nation;72;1;0;1;0;0;0;0;1;0;3;0;0;0;1;0;0;0;1;1;0;0;0;0;0;0;0;0;1;0;1;2;0;0;0;0;1;0;0;1;0;0;0;1;0;1;0;0;1;0;1;0;6;0;0;0;1;1;6;0;5;0;0;2;0;0;0;2;2;0;0;0;0;1;1;0;8;3;2;1;0;0;2;0;3;0;1;0;0;1;0;1;0;1;1;0;2
76;Délits des courses et des jeux;32;0;0;0;0;0;1;0;0;0;0;0;0;1;0;0;0;0;0;0;0;0;0;0;0;1;0;0;0;0;0;0;0;0;0;0;0;0;0;0;0;0;0;0;0;0;0;0;0;0;0;0;0;0;1;0;0;0;0;0;1;0;0;0;0;0;0;0;0;0;0;0;0;0;0;0;27;0;0;0;0;0;0;0;0;0;0;0;0;0;0;0;0;0;0;0;0
77;Délits interdiction de séjour et de paraître;28;0;0;0;0;0;0;0;1;0;0;0;0;0;0;0;0;0;0;0;0;1;0;0;0;0;1;1;0;1;0;0;0;0;0;0;0;0;0;0;0;1;0;0;0;0;1;0;0;0;0;0;0;0;0;0;0;0;0;0;1;0;0;1;0;0;0;0;0;2;3;0;2;0;0;2;0;0;0;0;1;0;0;0;0;0;0;0;0;0;1;0;2;3;0;1;2
78;Destructions, cruautés et autres délits envers les animaux;192;1;3;2;1;1;4;0;2;0;2;1;1;3;1;0;0;3;1;1;1;1;0;2;1;1;4;2;1;1;1;2;3;0;8;6;1;0;2;5;1;2;5;4;2;0;2;2;2;0;1;3;1;1;2;2;1;2;2;1;15;2;0;7;4;3;3;1;4;2;2;0;2;1;3;2;2;0;5;2;1;1;1;2;4;0;1;3;1;3;2;1;2;0;1;2;2
79;Atteintes à l'environnement;175;0;2;0;1;0;1;19;1;4;1;4;0;4;3;1;2;0;0;0;0;2;2;1;0;1;2;1;3;3;5;0;4;1;3;0;3;0;2;4;0;3;0;1;1;4;4;1;0;1;1;4;1;1;1;4;1;4;2;0;2;4;1;1;0;4;0;1;3;2;3;2;1;1;6;1;0;2;0;2;3;0;2;1;3;3;4;1;0;3;1;0;1;0;0;1;2
80;Chasse et pêche;134;0;0;0;0;0;0;0;0;0;0;9;0;10;3;0;0;7;0;0;0;1;0;0;0;0;0;0;18;1;2;1;0;0;4;7;7;0;1;2;0;0;0;0;0;3;0;0;0;0;0;13;0;0;0;0;0;20;1;0;0;2;0;4;0;1;0;0;2;0;0;0;0;0;0;0;0;9;0;0;0;1;0;0;1;0;4;0;0;0;0;0;0;0;0;0;0
81;Faux documents d'identité;538;4;1;0;0;3;30;0;1;0;1;1;0;47;0;1;2;0;0;0;2;0;0;0;3;0;0;0;3;0;0;5;9;0;10;5;11;2;1;4;0;0;0;3;0;7;4;0;0;0;4;7;2;0;0;3;0;0;7;0;9;7;1;31;0;12;0;24;1;2;14;0;1;4;47;13;44;11;33;5;0;0;1;0;3;9;0;3;0;1;0;0;18;7;10;15;29
82;Faux documents concernant la circulation des véhicules;301;5;1;1;0;0;4;1;0;0;1;0;0;3;1;0;1;1;0;0;2;2;0;1;2;2;2;1;0;2;0;3;9;1;7;5;11;1;1;5;1;7;1;4;1;2;5;0;1;0;0;1;4;0;1;2;0;1;8;1;10;6;0;2;3;1;0;9;5;2;10;2;1;1;10;5;34;2;9;8;0;1;0;0;3;3;1;1;0;0;1;0;11;10;13;5;16
83;Autres faux documents administratifs;310;3;1;2;1;0;12;0;0;0;1;0;0;6;3;1;1;4;2;1;2;2;0;3;2;2;5;0;6;0;0;7;7;0;9;4;3;0;1;6;1;0;3;6;0;3;13;1;1;0;1;1;1;0;1;3;0;1;3;0;6;1;3;5;3;2;3;17;9;1;19;1;0;0;15;5;11;4;5;9;0;3;1;0;4;2;0;4;0;4;2;0;6;11;5;8;5
84;Faux en écriture publique et authentique;129;1;2;1;0;0;8;0;1;1;0;1;1;4;2;1;0;2;0;0;0;1;1;3;1;4;0;0;2;0;1;1;4;0;2;4;1;0;2;7;2;0;0;1;0;2;1;0;1;0;0;0;2;0;1;1;1;0;6;0;3;1;0;4;2;0;0;1;6;0;5;1;0;0;0;2;2;3;1;5;0;0;0;0;3;0;1;0;1;1;0;0;1;3;3;1;2
85;Autres faux en écriture;554;7;2;2;1;0;12;1;2;0;6;1;0;23;8;2;2;7;0;2;1;2;0;5;10;4;4;7;4;3;1;9;12;1;13;9;8;0;3;15;3;4;5;3;0;11;8;1;4;0;1;3;5;1;3;11;3;2;10;3;15;7;5;10;7;6;1;8;9;5;24;3;4;5;3;11;16;12;12;17;0;2;1;3;12;9;7;5;3;1;4;4;8;10;22;4;9
86;Fausse monnaie;105;2;0;0;0;0;0;0;0;0;1;1;2;3;0;0;2;1;1;0;0;0;0;0;1;0;0;1;1;0;0;2;1;0;2;3;1;1;0;1;0;0;0;2;0;3;0;0;0;0;0;0;2;0;0;1;0;1;0;0;15;0;0;3;5;0;0;0;2;8;3;1;2;0;0;1;3;4;3;1;0;3;0;1;0;3;0;0;0;0;0;0;2;4;4;1;0
87;Contrefaçons et fraudes industrielles et commerciales;98;1;0;0;0;0;2;0;0;0;0;1;4;2;0;0;0;0;0;0;0;0;0;0;0;0;1;1;0;0;0;0;1;0;0;1;0;0;0;1;0;1;0;0;0;0;1;0;0;0;0;0;0;1;0;2;0;0;3;0;0;0;0;2;1;0;0;0;0;0;0;0;1;1;0;1;14;4;5;2;0;0;0;0;2;0;0;0;0;12;0;0;1;1;4;1;23
88;Contrefaçons littéraires et artistique;10;0;0;0;0;0;0;0;0;0;0;0;0;0;0;0;0;0;0;0;0;0;0;0;1;0;0;0;0;0;0;0;0;0;0;0;0;0;0;0;0;0;0;0;0;0;0;1;0;0;0;1;0;0;0;0;0;0;1;0;0;1;0;0;0;0;0;0;0;0;0;0;0;0;0;0;3;1;0;0;0;1;0;0;0;0;0;0;0;0;0;0;0;0;0;0;0
89;Falsification et usages de chèques volés;4 625;19;22;57;13;29;39;3;14;3;57;7;10;245;30;3;28;79;16;5;31;14;3;83;86;73;30;10;83;1;33;40;40;2;78;94;178;31;36;74;21;17;26;79;9;46;65;8;32;0;15;19;45;10;12;23;4;38;38;9;194;33;4;87;55;44;6;15;64;28;107;10;54;50;33;71;289;50;127;103;18;24;15;55;84;35;31;18;38;6;30;1;87;206;155;121;62
90;Falsification et usages de cartes de crédit;2 874;7;8;6;1;4;173;5;1;4;7;10;4;192;11;0;3;20;2;3;25;6;2;3;19;17;13;12;17;4;1;34;86;1;22;50;28;7;3;46;13;4;7;32;2;22;18;6;9;3;15;4;9;1;4;24;1;14;17;8;106;23;7;26;17;21;7;19;37;14;107;9;11;24;13;13;396;38;97;78;5;11;7;6;62;24;7;3;5;13;13;6;77;169;133;114;86
91;Escroqueries et abus de confiances;12 666;95;75;60;37;18;351;38;42;28;34;79;33;448;125;21;94;102;38;44;88;87;11;72;105;120;123;90;143;26;62;146;306;27;307;279;191;30;102;204;44;78;57;136;23;208;157;30;60;37;152;40;104;46;40;109;36;92;209;27;395;183;35;202;81;118;40;75;260;145;362;43;114;70;93;157;703;181;293;307;55;84;50;45;233;174;187;70;46;55;52;35;239;448;437;338;295
92;Infractions à la législation sur les chèques;546;17;0;17;3;0;3;2;2;0;0;2;2;36;3;6;2;5;1;1;5;5;0;3;2;2;20;2;12;1;7;14;11;2;5;14;4;0;1;7;4;3;1;16;0;6;2;6;2;0;1;2;9;2;1;1;0;4;3;1;43;5;2;28;12;17;2;3;29;6;7;0;2;6;1;2;2;1;3;7;1;5;5;1;12;3;9;4;3;6;0;21;6;2;2;4;1
93;Travail clandestin;793;4;6;1;6;4;35;2;1;4;3;16;3;43;4;3;5;5;0;1;6;2;6;6;2;11;0;0;1;13;7;5;7;1;19;22;46;3;1;12;2;2;1;5;0;9;5;1;0;5;3;9;11;2;1;5;1;3;12;1;28;14;1;13;9;5;2;9;13;7;16;2;2;2;9;15;71;12;15;11;3;2;2;4;7;16;4;3;2;4;5;0;13;7;27;15;29
94;Emploi d'étranger sans titre de travail;174;5;0;0;1;4;11;0;0;0;1;1;0;5;0;0;0;0;0;0;1;0;0;2;1;1;0;0;0;6;1;5;3;0;5;8;7;0;1;1;0;0;0;0;1;1;3;0;0;0;0;0;0;0;0;1;0;0;0;0;10;4;0;0;4;3;0;4;2;2;4;1;1;0;3;5;12;1;8;2;0;1;0;0;2;5;0;0;0;0;0;0;4;0;3;4;13
95;Marchandage - prêt de main d'œuvre;41;0;0;1;0;0;0;0;0;0;0;0;0;1;0;0;0;0;0;0;0;0;0;0;0;0;0;0;0;0;0;1;0;0;0;0;32;0;0;1;0;0;0;0;0;0;0;0;0;0;0;0;0;0;0;0;0;0;0;0;0;0;0;0;0;1;0;0;0;0;0;0;1;0;0;1;1;0;0;0;0;0;0;0;0;0;0;0;0;0;0;0;0;0;0;1;0
96;Non utilisé;0;;;;;;;;;;;;;;;;;;;;;;;;;;;;;;;;;;;;;;;;;;;;;;;;;;;;;;;;;;;;;;;;;;;;;;;;;;;;;;;;;;;;;;;;;;;;;;;;
97;Non utilisé;0;;;;;;;;;;;;;;;;;;;;;;;;;;;;;;;;;;;;;;;;;;;;;;;;;;;;;;;;;;;;;;;;;;;;;;;;;;;;;;;;;;;;;;;;;;;;;;;;
98;Banqueroutes, abus de biens sociaux et autres délits de société;93;0;0;0;0;0;1;0;0;0;0;1;0;4;0;0;0;0;0;1;0;1;0;0;1;1;1;0;0;0;0;1;5;0;2;3;0;0;1;1;0;0;0;1;0;0;2;0;1;0;1;0;1;1;1;0;0;0;1;0;4;1;0;1;2;4;1;1;2;5;1;2;1;0;1;4;8;1;1;2;0;1;2;1;1;1;0;0;2;0;3;1;0;2;2;2;0
99;Non utilisé;0;;;;;;;;;;;;;;;;;;;;;;;;;;;;;;;;;;;;;;;;;;;;;;;;;;;;;;;;;;;;;;;;;;;;;;;;;;;;;;;;;;;;;;;;;;;;;;;;
100;Non utilisé;0;;;;;;;;;;;;;;;;;;;;;;;;;;;;;;;;;;;;;;;;;;;;;;;;;;;;;;;;;;;;;;;;;;;;;;;;;;;;;;;;;;;;;;;;;;;;;;;;
101;Prix illicites, publicité fausse et infractions aux règles de la concurrence;50;0;1;0;0;0;0;0;1;0;0;2;0;1;0;0;1;0;0;0;3;0;1;0;0;0;0;1;0;0;0;0;0;1;0;2;1;0;0;0;0;0;0;1;0;0;0;0;0;0;0;0;0;0;0;0;0;1;1;0;0;0;1;1;2;1;0;4;0;1;2;1;1;0;2;2;0;0;2;2;0;0;0;0;3;0;0;0;1;3;0;0;2;0;1;0;0
102;Achats et ventes sans factures;35;1;0;1;0;0;1;0;0;2;0;0;0;0;1;2;0;0;0;0;1;0;0;2;0;0;0;0;0;0;0;2;0;0;1;0;1;0;0;1;0;0;0;0;0;0;0;0;0;0;0;0;0;0;0;0;0;0;0;0;2;0;0;0;1;0;0;0;1;0;0;0;0;0;1;2;0;0;0;0;0;1;0;0;8;1;1;1;0;0;0;0;0;0;0;0;0
103;Infractions à l'exercice d'une profession réglementée;78;1;0;0;1;0;1;0;0;1;0;1;0;4;1;0;0;0;0;0;2;3;1;1;0;1;0;0;1;0;0;0;0;0;4;0;1;0;0;2;0;0;0;1;0;0;0;1;0;0;0;1;1;0;1;0;0;0;1;1;6;0;0;0;3;0;0;1;1;0;0;0;0;1;0;2;10;1;1;1;1;0;2;1;2;3;1;0;0;2;0;2;0;0;2;0;2
104;Infractions au droit de l'urbanisme et de la construction;197;1;1;0;1;3;23;0;0;1;0;2;1;11;2;0;1;3;0;1;1;0;0;1;0;2;0;1;3;5;5;4;0;0;5;6;1;0;0;2;2;3;0;0;0;3;1;0;2;0;1;2;0;0;0;2;3;3;3;1;2;3;1;1;0;2;1;4;5;2;4;1;1;0;4;14;0;1;4;0;0;0;2;0;13;7;3;0;2;1;1;0;0;1;1;1;2
105;Fraudes fiscales;33;0;0;0;0;1;1;0;0;0;0;0;0;1;1;2;0;0;0;0;0;0;0;0;0;1;0;0;0;0;0;0;0;0;0;0;0;0;0;0;0;0;0;0;0;1;1;0;1;0;0;0;0;0;0;0;0;0;0;0;3;0;0;0;0;2;0;1;1;0;0;0;0;0;1;1;8;1;1;1;0;0;0;0;1;0;0;0;0;0;0;0;1;0;1;0;0
106;Autres délits économiques et financiers;517;0;1;2;0;1;15;2;1;0;0;0;0;78;2;1;0;1;0;0;1;0;0;0;3;0;1;2;0;0;0;3;24;0;29;1;0;0;0;1;0;1;0;2;0;1;1;1;6;0;0;0;1;0;1;1;1;0;3;0;30;1;1;4;0;4;0;4;2;1;51;0;3;0;0;1;160;0;7;6;0;0;0;0;3;1;0;0;0;0;0;1;3;8;12;3;23
107;Autres délits;7 864;58;73;47;16;8;161;19;30;11;34;39;27;390;60;14;29;64;47;22;41;58;12;42;49;51;57;51;109;25;38;90;161;7;212;164;111;18;43;128;37;37;41;84;22;125;76;15;46;5;75;39;61;28;25;86;24;67;110;21;331;130;20;208;55;51;16;46;141;77;221;24;54;35;38;92;553;142;166;181;39;87;31;17;132;67;55;46;31;33;54;12;170;201;320;167;181
;Source : Etat 4001 annuel, DCPJ - Traitement ONDRP;;;;;;;;;;;;;;;;;;;;;;;;;;;;;;;;;;;;;;;;;;;;;;;;;;;;;;;;;;;;;;;;;;;;;;;;;;;;;;;;;;;;;;;;;;;;;;;;;
