;Tableau 10. Faits constatés par la police et la gendarmerie, par département de France métropolitaine, en octobre 2012.;;;;;;;;;;;;;;;;;;;;;;;;;;;;;;;;;;;;;;;;;;;;;;;;;;;;;;;;;;;;;;;;;;;;;;;;;;;;;;;;;;;;;;;;;;;;;;;;;
;;;;;;;;;;;;;;;;;;;;;;;;;;;;;;;;;;;;;;;;;;;;;;;;;;;;;;;;;;;;;;;;;;;;;;;;;;;;;;;;;;;;;;;;;;;;;;;;;;
N°Index;Index de l'Etat 4001;Métropole;Ain;Aisne;Allier;Alpes-de-Haute-Provence;Hautes-Alpes;Alpes-Maritimes;Ardèche;Ardennes;Ariège;Aube;Aude;Aveyron;Bouches-du-Rhône;Calvados;Cantal;Charente;Charente-Maritime;Cher;Corrèze;Côte-d'Or;Côtes-d'Armor;Creuse;Dordogne;Doubs;Drôme;Eure;Eure-et-Loir;Finistère;Corse-du-Sud;Haute-Corse;Gard;Haute-Garonne;Gers;Gironde;Hérault;Ille-et-Vilaine;Indre;Indre-et-Loire;Isère;Jura;Landes;Loir-et-Cher;Loire;Haute-Loire;Loire-Atlantique;Loiret;Lot;Lot-et-Garonne;Lozère;Maine-et-Loire;Manche;Marne;Haute-Marne;Mayenne;Meurthe-et-Moselle;Meuse;Morbihan;Moselle;Nièvre;Nord;Oise;Orne;Pas-de-Calais;Puy-de-Dôme;Pyrénées-Atlantiques;Hautes-Pyrénées;Pyrénées-Orientales;Bas-Rhin;Haut-Rhin;Rhône;Haute-Saône;Saône-et-Loire;Sarthe;Savoie;Haute-Savoie;Paris;Seine-Maritime;Seine-et-Marne;Yvelines;Deux-Sèvres;Somme;Tarn;Tarn-et-Garonne;Var;Vaucluse;Vendée;Vienne;Haute-Vienne;Vosges;Yonne;Territoire de Belfort;Essonne;Hauts-de-Seine;Seine-Saint-Denis;Val-de-Marne;Val-d'Oise
01;Règlements de compte entre malfaiteurs;6;0;0;0;0;0;1;0;0;0;0;0;0;2;0;0;0;0;0;0;0;0;0;0;0;0;0;0;0;2;1;0;0;0;0;0;0;0;0;0;0;0;0;0;0;0;0;0;0;0;0;0;0;0;0;0;0;0;0;0;0;0;0;0;0;0;0;0;0;0;0;0;0;0;0;0;0;0;0;0;0;0;0;0;0;0;0;0;0;0;0;0;0;0;0;0;0
02;Homicides pour voler et à l'occasion de vols;3;0;0;0;0;0;0;0;0;0;0;1;0;0;0;0;0;0;0;0;0;0;0;0;0;0;0;0;0;0;0;0;0;0;0;0;0;0;0;0;0;0;0;0;0;0;0;0;0;0;0;0;0;0;0;0;0;1;0;0;0;0;0;0;0;0;0;0;0;0;0;0;0;0;0;0;1;0;0;0;0;0;0;0;0;0;0;0;0;0;0;0;0;0;0;0;0
03;Homicides pour d'autres motifs;36;0;0;0;0;0;2;0;0;0;0;0;0;1;0;0;1;0;0;0;0;1;0;0;0;0;1;0;2;0;0;1;1;0;1;2;0;0;0;2;0;0;0;0;0;0;0;0;0;0;0;0;1;0;0;1;0;0;0;0;0;0;0;2;0;0;0;0;0;0;2;1;0;0;0;0;1;0;0;0;0;1;1;1;1;2;0;1;0;0;0;0;1;3;1;0;1
04;Tentatives d'homicides pour voler et à l'occasion de vols;3;0;0;0;0;0;0;0;0;0;0;0;0;0;0;0;0;0;0;0;0;0;0;0;0;0;0;0;0;0;0;0;1;0;0;0;0;0;0;0;0;0;0;0;0;0;0;0;0;0;0;0;0;0;0;0;0;0;0;0;0;0;0;0;0;0;0;0;0;0;0;0;0;0;0;0;1;0;0;0;0;0;0;0;0;0;0;0;0;0;0;0;0;0;1;0;0
05;Tentatives homicides pour d'autres motifs;144;2;0;0;0;0;3;0;0;0;0;0;0;10;0;0;1;1;0;0;1;0;0;0;2;1;1;1;4;0;1;0;0;0;3;3;6;0;1;1;1;0;2;3;0;3;3;0;1;0;0;1;1;0;0;0;0;0;0;0;2;0;0;3;1;2;0;6;5;6;3;0;0;0;1;0;10;0;4;2;0;1;3;0;2;2;0;0;1;0;0;0;17;3;5;8;0
06;Coups et blessures volontaires suivis de mort;13;0;1;0;0;0;0;0;0;0;0;0;0;2;0;0;0;0;0;0;0;0;0;0;0;0;0;0;0;0;0;0;1;0;0;0;0;0;0;0;0;0;0;0;0;0;0;0;0;0;0;0;0;0;0;0;0;0;1;0;1;1;0;1;0;0;0;0;1;0;0;0;1;0;0;0;0;0;0;0;0;0;1;0;0;0;0;0;0;0;0;0;0;0;2;0;0
07;Autres coups et blessures volontaires criminels ou correctionnels;17 419;142;209;106;47;27;395;52;104;32;98;91;36;729;159;29;65;115;51;36;98;110;16;67;132;135;140;108;218;30;41;187;296;26;387;309;208;46;121;318;33;70;79;178;32;329;204;22;53;10;115;91;204;33;56;230;24;136;247;41;1 048;225;57;660;136;101;42;133;250;185;584;67;110;125;114;200;746;351;381;301;65;216;68;58;360;159;83;75;59;71;98;43;426;364;851;432;472
08;Prises d'otages à l'occasion de vols;3;0;0;0;0;0;0;0;0;0;0;0;0;0;0;0;0;0;0;0;0;0;0;0;0;0;0;0;0;0;0;0;0;0;0;0;0;0;0;0;0;0;0;0;0;0;0;0;0;0;0;0;0;0;0;0;0;0;3;0;0;0;0;0;0;0;0;0;0;0;0;0;0;0;0;0;0;0;0;0;0;0;0;0;0;0;0;0;0;0;0;0;0;0;0;0;0
09;Prises d'otages dans un autre but;3;0;0;0;0;0;0;0;0;0;0;0;0;0;0;0;0;0;0;0;0;0;0;0;0;0;0;0;0;0;0;0;0;0;0;0;0;0;0;0;0;0;0;0;0;0;0;0;0;0;0;0;0;0;0;0;0;0;0;0;1;0;0;0;0;0;0;0;0;0;0;0;0;0;0;0;0;0;0;0;0;0;0;0;0;0;0;0;0;0;0;0;0;0;1;0;1
10;Séquestrations;162;2;0;1;2;0;2;0;0;0;2;0;2;6;0;1;1;2;0;0;0;0;0;0;0;3;1;0;3;0;1;1;4;0;3;3;0;0;1;4;0;1;0;2;1;4;3;0;0;0;1;0;2;0;1;2;1;0;3;1;11;1;1;6;2;0;0;1;3;1;5;0;3;1;1;2;14;6;1;6;1;2;0;0;3;1;0;0;0;1;0;0;0;2;9;4;7
11;Menaces ou chantages pour extorsion de fonds;893;3;3;5;6;0;15;2;1;0;5;4;0;27;7;0;2;3;2;3;3;2;0;3;3;8;10;3;8;4;1;5;35;0;21;19;5;4;7;37;1;4;2;6;1;16;10;0;0;0;3;0;7;1;4;9;2;5;11;0;33;10;2;23;8;5;1;5;14;14;24;4;4;2;2;3;114;14;26;17;4;6;3;5;9;7;5;3;3;1;1;2;22;34;39;43;33
12;Menaces ou chantages dans un autre but;7 001;52;70;32;19;5;178;17;38;12;33;27;16;406;43;10;31;35;35;13;36;32;10;21;50;83;39;39;75;23;26;73;145;8;136;119;76;19;30;136;15;35;31;96;17;96;82;7;28;4;43;18;62;29;25;83;23;38;122;18;388;55;38;170;48;42;14;72;143;97;304;16;42;72;37;57;258;205;154;159;16;78;27;25;145;82;30;23;30;31;46;18;156;152;291;150;210
13;Atteintes à la dignité et à la  personnalité;2 649;26;29;14;9;3;84;12;12;5;7;10;3;133;25;5;6;25;21;1;23;17;3;13;19;15;21;17;27;8;4;26;65;4;46;52;24;5;18;33;11;21;11;31;9;38;37;6;4;4;21;9;28;11;6;35;7;11;46;6;133;38;17;59;20;21;5;23;62;40;126;7;22;23;18;26;160;90;45;50;3;38;10;2;55;26;14;21;14;12;22;13;45;42;52;32;41
14;Violations de domicile;746;4;12;5;1;0;25;2;4;2;4;5;1;26;9;1;6;5;5;5;4;12;0;3;3;7;3;5;20;1;3;13;19;1;24;13;8;3;3;13;3;8;3;6;1;16;9;2;5;3;10;3;3;1;5;6;1;4;5;2;25;4;3;26;8;4;3;8;13;6;25;2;2;7;4;11;38;19;12;7;4;8;0;2;22;6;8;3;2;1;2;2;15;10;36;11;11
15;Vols à main armée contre des établissements financiers;15;0;0;0;0;0;1;0;0;0;0;0;0;1;0;0;0;0;0;0;0;0;0;0;0;0;0;0;0;0;0;0;0;0;0;0;0;0;1;0;0;0;0;0;0;3;0;0;0;0;0;0;0;0;0;0;0;0;0;0;3;0;0;0;0;0;0;0;0;0;0;0;0;0;0;0;2;0;0;0;0;2;0;0;0;0;0;0;0;0;0;0;1;1;0;0;0
16;Vols à main armée contre des établissements industriels ou commerciaux;239;0;2;1;0;1;5;0;0;0;0;0;1;29;2;0;0;0;1;3;0;1;0;0;1;3;1;1;3;0;0;4;9;0;2;2;0;0;0;7;1;1;0;0;0;2;2;0;0;0;3;1;0;1;0;0;0;2;3;2;28;5;1;5;2;1;0;1;1;3;6;0;2;1;0;3;16;2;6;5;1;2;1;0;3;13;1;0;1;2;0;1;6;3;6;8;6
17;Vols à main armée contre des entreprises de transports de fonds;6;0;0;0;0;0;0;0;0;0;0;0;0;1;0;0;0;0;0;0;0;0;0;0;0;0;0;0;0;0;0;0;0;0;0;0;0;0;0;0;0;0;0;0;0;0;0;0;0;0;0;0;0;0;0;0;0;0;0;0;0;0;0;0;0;0;0;0;0;0;2;0;0;0;0;0;0;0;0;0;0;0;0;0;0;0;0;0;0;0;0;0;0;0;2;1;0
18;Vols à main armée contre des particuliers à leur domicile;57;0;0;0;0;1;0;0;0;1;0;0;0;5;0;0;1;0;0;0;0;0;0;0;0;0;0;0;0;1;0;2;3;0;1;1;0;0;0;1;0;0;0;0;0;0;0;0;2;0;0;0;1;0;0;0;0;1;1;0;6;0;0;2;0;0;0;0;1;0;3;0;0;0;1;0;5;0;2;0;0;0;0;0;3;1;0;0;1;0;0;1;1;0;2;3;3
19;Autres vols à main armée;110;2;0;0;0;0;2;0;0;0;2;0;0;12;0;0;0;0;0;0;0;1;2;0;0;2;0;1;0;0;0;2;3;0;1;6;0;0;0;4;0;0;2;3;1;0;1;0;1;0;1;0;1;0;0;2;0;1;4;0;5;3;0;0;1;0;0;1;1;0;3;0;0;0;1;1;9;1;4;2;0;1;0;0;2;5;0;0;1;0;0;1;1;3;0;5;2
20;Vols avec armes blanches contre des établissements financiers, commerciaux ou industriels;88;0;0;0;1;0;0;0;0;0;0;0;0;3;0;0;0;0;0;0;1;0;0;1;1;1;0;1;1;0;0;1;3;1;0;0;0;0;2;1;0;0;0;5;0;3;0;0;0;0;1;1;1;1;1;2;0;0;1;0;8;2;0;1;0;0;0;1;0;0;5;0;1;0;0;4;8;1;4;1;1;1;0;1;0;2;0;0;0;0;0;0;2;0;2;5;4
21;Vols avec armes blanches contre des particuliers à leur domicile;66;1;0;0;1;0;3;0;0;2;0;0;0;6;1;0;0;1;0;0;0;0;0;0;0;0;0;0;1;0;1;0;2;0;1;0;1;0;1;0;0;0;0;1;0;3;0;0;0;0;1;0;0;1;0;1;0;0;0;0;6;0;2;2;0;0;0;0;1;0;0;0;0;0;0;0;9;1;1;2;0;1;1;1;0;1;0;1;2;0;0;0;0;2;1;2;1
22;Autres vols avec armes blanches;601;0;4;0;1;0;10;0;1;0;2;1;0;65;1;0;1;2;1;0;0;0;0;0;3;4;5;2;2;0;0;7;28;1;6;30;1;1;3;14;1;0;4;3;1;26;3;0;0;0;1;0;6;1;0;8;3;0;6;0;24;7;1;2;2;1;0;0;10;1;19;0;2;4;0;0;89;9;21;15;1;2;0;0;9;2;1;0;3;0;1;0;22;21;19;21;33
23;Vols violents sans arme contre des établissements financiers, commerciaux ou industriels;52;1;0;0;0;0;0;0;0;0;1;0;1;3;0;0;0;0;0;0;0;0;0;1;2;0;0;1;1;0;0;2;0;0;0;0;1;0;0;1;0;1;0;0;0;4;0;0;0;0;1;1;0;0;0;0;0;0;2;0;3;2;0;0;0;0;0;1;2;1;1;0;0;0;0;1;2;1;3;3;0;0;1;0;0;0;0;0;0;0;0;0;1;1;3;2;0
24;Vols violents sans arme contre des particuliers à leur domicile;137;1;0;1;0;0;2;1;0;0;1;2;0;7;0;0;1;0;2;1;0;1;0;0;1;2;2;0;2;0;0;4;2;0;2;2;1;0;2;2;0;0;0;0;0;2;1;0;3;0;1;1;1;0;0;3;0;0;3;0;5;2;1;2;1;0;0;2;2;3;6;1;2;2;2;3;7;5;3;2;1;1;2;1;1;3;0;2;0;2;0;0;0;3;5;3;5
25;Vols violents sans arme contre des femmes sur voie publique ou autre lieu public;4 803;8;10;2;4;2;173;3;4;1;7;19;2;587;26;1;6;11;0;2;9;1;1;0;4;20;10;14;16;5;2;70;132;4;63;138;19;1;28;38;2;1;3;35;7;20;23;2;6;0;15;4;7;5;0;19;0;2;37;2;191;28;1;25;12;13;4;37;19;23;188;1;7;9;8;20;842;79;109;121;4;17;6;6;69;39;1;5;4;2;5;3;86;229;565;215;177
26;Vols violents sans arme contre d'autres victimes;4 662;6;8;2;8;1;155;4;2;0;6;11;2;534;29;0;9;15;9;3;12;9;1;2;13;26;13;12;33;5;3;47;104;3;85;105;30;3;22;48;5;10;10;27;0;68;36;2;7;0;26;3;38;6;7;30;0;12;44;1;255;40;1;37;24;18;6;32;50;23;135;3;9;11;15;15;614;107;133;108;2;24;7;5;49;27;0;9;7;9;6;5;108;169;490;181;216
27;Cambriolages de locaux d'habitations principales;18 059;135;161;59;35;23;427;99;44;32;113;141;32;1 009;113;11;69;148;65;22;131;57;10;55;106;269;143;104;132;12;20;293;493;24;397;460;249;52;136;547;51;79;75;184;20;478;224;19;84;6;141;9;249;34;65;222;53;208;310;20;700;267;40;297;109;73;34;137;160;146;606;42;121;107;111;196;696;267;617;420;37;197;83;87;287;266;73;52;78;80;100;36;485;387;660;482;564
28;Cambriolages de résidences secondaires;1 255;16;16;5;15;6;46;10;2;7;17;11;4;26;19;11;9;27;8;3;9;26;4;12;5;16;19;9;29;13;4;29;28;3;16;25;18;9;3;20;8;19;26;13;2;22;24;13;12;1;9;23;5;2;2;7;2;32;3;1;10;17;6;13;19;12;3;8;5;11;11;6;13;8;15;30;2;11;19;16;10;21;11;20;57;25;23;6;10;12;15;0;11;3;2;3;10
29;Cambriolages de  locaux industriels, commerciaux ou financiers;5 583;63;48;9;18;4;80;46;17;19;40;37;26;220;58;23;24;74;25;22;38;38;21;38;52;65;48;48;55;4;11;68;147;15;129;76;67;11;55;180;25;52;26;99;32;159;79;20;52;9;84;24;47;15;31;58;19;93;83;19;250;50;27;143;59;67;9;26;60;75;162;27;73;48;73;103;220;105;92;61;29;66;38;31;77;43;54;34;33;35;44;8;92;46;79;58;41
30;Cambriolages d'autres lieux;5 064;25;52;21;12;9;174;28;26;5;22;27;14;270;41;4;21;59;33;8;35;43;4;30;55;63;53;21;58;2;14;61;95;8;70;113;56;22;33;122;25;23;27;65;15;166;29;9;16;1;74;26;75;20;30;85;17;57;82;22;249;78;25;108;60;29;13;28;121;111;257;16;49;45;52;65;127;106;87;76;23;58;32;21;70;35;29;27;8;32;31;8;66;48;72;73;56
31;Vols avec entrée par ruse en tous lieux;769;5;2;2;2;0;52;4;1;1;0;4;4;29;2;1;4;11;2;1;6;5;5;5;4;5;0;1;4;1;2;8;29;0;4;11;5;2;4;12;1;1;4;7;0;14;3;0;3;0;11;2;1;1;2;11;1;3;17;1;32;3;1;11;8;2;4;4;7;5;12;1;1;2;2;6;75;4;27;24;3;4;1;5;12;9;5;7;3;0;0;1;19;43;45;42;16
32;Vols à la tire;8 653;46;35;7;15;16;373;11;14;9;23;31;7;468;62;3;15;35;15;3;37;24;8;23;43;29;26;26;42;5;13;93;252;7;294;232;58;14;55;117;12;25;19;57;15;353;48;8;21;0;40;13;68;13;14;78;9;30;85;9;414;55;9;55;73;39;25;56;114;24;147;8;22;40;39;65;1 680;84;215;157;16;30;16;16;155;51;31;34;45;12;36;3;160;282;373;206;363
33;Vols à l'étalage;6 213;28;68;35;13;7;76;31;23;7;73;33;17;143;106;5;27;37;36;13;52;57;4;46;87;59;51;27;115;6;2;43;119;5;154;61;74;19;64;98;19;15;15;110;19;139;28;11;24;3;53;25;45;14;14;62;17;38;103;23;207;73;21;97;52;47;19;30;108;75;313;28;46;30;30;39;458;93;181;245;38;49;21;16;71;61;30;63;29;30;28;21;159;167;233;151;156
34;Vols de véhicules de transport avec fret;31;0;1;0;0;0;0;0;0;0;1;0;0;2;0;0;0;2;0;0;0;0;0;0;0;0;0;0;0;0;0;0;1;0;0;0;0;0;0;1;0;0;0;0;0;1;1;0;0;0;0;0;0;0;0;1;0;0;0;0;2;0;0;0;0;0;0;0;0;0;3;0;1;0;0;0;0;3;6;1;0;0;0;0;0;0;0;0;0;1;0;1;0;1;1;0;0
35;Vols d'automobiles;10 015;72;93;20;29;12;178;46;28;9;49;72;23;741;49;7;24;87;30;14;49;31;10;15;64;161;87;80;60;17;18;187;173;8;174;233;65;15;59;280;28;19;60;117;11;251;113;10;17;3;86;11;101;15;7;93;15;55;86;21;521;283;19;141;84;36;16;95;56;51;379;16;36;51;51;78;254;165;449;294;24;92;22;42;190;165;45;26;26;18;71;14;351;216;478;286;386
36;Vols de véhicules motorisés à 2 roues;5 927;36;28;27;11;6;384;26;22;1;26;16;6;498;40;2;17;45;14;13;39;20;6;19;23;80;29;28;37;20;15;59;106;3;119;147;56;21;53;99;11;16;20;30;6;150;44;10;12;2;39;16;43;10;10;44;9;34;31;12;184;42;8;80;47;63;6;47;74;43;192;7;35;40;30;69;585;105;83;99;21;33;26;7;210;51;40;22;25;15;31;4;79;279;157;207;135
37;Vols à la roulotte;21 709;111;114;55;49;51;588;86;28;33;88;97;28;1 466;119;40;100;197;52;33;115;92;8;69;105;251;146;123;153;22;34;331;723;26;400;725;251;39;143;500;20;81;78;176;29;535;239;36;131;9;188;56;186;58;45;197;18;178;297;35;1 271;344;57;361;171;161;60;189;211;173;825;23;80;116;131;150;989;384;570;391;40;88;97;64;398;232;130;63;117;97;77;25;482;616;1 104;672;567
38;Vols d'accessoires sur véhicules à moteur immatriculés;11 283;83;56;17;32;19;233;50;28;19;43;51;13;553;100;6;34;96;52;17;58;67;7;31;74;117;72;61;101;15;28;194;351;12;186;284;177;19;92;321;29;39;65;150;31;368;153;20;24;5;129;50;101;51;21;136;21;88;165;49;463;167;40;193;75;50;34;108;185;101;397;30;82;79;60;84;221;227;378;391;40;93;45;27;146;100;68;54;82;54;84;17;354;192;413;343;342
39;Vols simples sur chantier;1 516;9;12;10;7;3;34;6;10;2;6;14;3;50;16;6;9;7;5;2;10;6;1;13;16;17;19;8;15;2;6;23;35;4;50;50;25;8;12;33;6;14;5;15;9;58;14;6;4;2;11;14;13;8;7;27;5;19;34;8;88;22;6;31;12;12;6;20;18;13;44;10;7;13;13;17;19;36;26;24;5;14;7;5;19;18;16;21;5;10;9;2;19;15;27;21;23
40;Vols simples sur exploitation agricole;942;14;13;13;5;3;2;3;9;7;16;6;6;12;12;6;7;12;6;15;17;15;7;15;2;10;11;18;13;3;3;30;20;4;15;22;7;11;9;12;8;8;14;6;9;29;10;8;4;8;22;10;26;8;3;11;6;13;7;7;5;7;8;12;11;6;7;8;27;15;9;15;9;12;3;6;0;8;8;4;10;14;2;7;12;12;15;11;10;11;23;1;2;0;1;0;3
41;Autres vols simples contre des établissements publics ou privés;6 948;66;63;23;18;20;117;19;33;14;29;29;17;225;60;11;42;61;24;20;65;57;14;25;62;74;56;51;70;5;8;109;263;18;192;132;119;20;76;125;20;61;43;85;18;206;68;9;33;5;73;23;64;14;28;93;19;72;111;22;299;111;16;120;61;65;25;76;136;80;262;22;51;89;41;73;314;129;146;139;34;82;32;21;121;101;53;47;40;34;90;18;74;128;122;93;104
42;Autres vols simples contre des particuliers dans  des locaux privés;15 649;126;150;81;41;33;386;51;61;24;51;107;34;553;138;14;69;163;67;38;102;138;14;92;146;151;150;93;203;34;17;264;386;26;386;438;281;52;127;305;57;103;86;115;33;462;167;43;85;14;210;76;185;35;66;197;54;168;227;56;838;190;42;303;139;111;55;173;229;186;384;56;104;87;87;206;630;342;321;314;72;169;88;64;283;227;116;118;62;72;61;39;252;438;266;262;232
43;Autres vols simples contre des particuliers dans des locaux ou lieux publics;30 847;164;144;97;50;30;906;83;51;58;99;155;45;1 350;251;35;122;264;71;60;185;205;11;85;190;216;143;112;331;49;59;291;911;38;888;701;399;42;294;506;69;123;95;292;45;520;234;45;96;16;257;94;244;45;84;371;47;211;301;56;1 007;319;67;443;218;189;100;252;474;376;1 673;56;164;163;190;291;4 104;408;492;797;85;252;66;68;713;278;146;135;133;89;106;69;561;1 033;1 066;657;671
44;Recels;3 580;15;27;22;7;4;74;4;4;9;34;17;2;124;10;2;10;39;5;3;21;14;2;9;29;32;24;18;40;7;9;45;83;2;76;68;43;6;34;88;7;23;15;36;5;44;26;7;28;4;48;9;21;2;12;29;19;29;33;5;176;32;18;83;22;13;16;48;33;32;128;5;35;10;20;32;329;47;77;43;11;28;10;14;76;36;20;26;14;23;43;0;77;74;258;115;92
45;Proxénétisme;35;0;0;0;0;0;0;0;0;0;0;0;0;0;0;0;0;0;0;0;0;0;0;0;0;0;0;0;0;0;0;0;2;0;1;1;0;0;0;1;0;0;1;1;0;0;0;0;0;0;0;0;0;0;0;1;0;0;0;0;5;0;0;0;1;0;0;1;2;0;5;0;0;0;1;1;3;0;1;0;0;0;0;0;0;0;0;0;1;0;0;0;4;1;1;0;0
46;Viols sur des majeur(e)s;435;2;4;1;1;1;12;3;2;1;2;0;0;16;5;3;3;3;2;1;1;2;0;2;2;4;3;2;4;0;1;4;8;2;5;5;12;0;5;7;2;4;0;4;0;6;2;0;2;0;4;6;7;1;1;7;1;1;1;0;20;9;0;10;1;3;1;3;7;2;20;0;3;3;0;8;44;8;3;11;1;6;2;3;2;1;5;1;0;2;0;0;8;14;29;7;18
47;Viols sur des mineur(e)s;616;6;6;5;0;0;5;6;1;0;8;4;0;20;5;2;6;8;0;2;5;3;0;7;5;6;4;5;3;2;0;15;10;0;16;11;10;5;4;18;2;0;10;5;1;10;9;0;3;3;12;4;7;0;2;11;2;9;6;3;37;7;2;9;1;4;0;3;14;5;12;2;6;6;2;6;24;10;28;11;4;14;1;5;12;1;9;2;1;2;5;2;12;10;8;11;16
48;Harcèlements sexuels et autres agressions sexuelles contre des majeur(e)s;578;6;2;2;0;0;8;2;1;0;5;1;1;16;4;4;3;4;3;0;0;6;1;1;3;3;3;3;9;0;0;1;28;2;17;5;10;1;6;9;0;0;3;3;1;9;9;2;4;1;17;3;7;0;2;11;5;4;4;1;37;9;3;12;6;3;2;2;7;5;18;2;9;5;5;2;59;12;11;12;5;2;2;1;5;3;0;3;3;1;3;1;12;10;16;13;21
49;Harcèlements sexuels et autres agressions sexuelles contre des mineur(e)s;990;7;20;6;3;3;12;5;4;1;7;5;4;24;14;3;11;15;5;3;5;5;0;4;6;11;8;12;12;1;3;12;16;3;15;15;17;5;5;25;4;4;6;8;3;14;12;2;3;0;13;16;13;4;5;20;7;9;19;4;58;17;11;37;3;5;0;5;21;6;32;1;7;10;7;9;23;19;20;25;6;17;5;2;21;6;12;10;4;4;8;5;11;17;12;14;22
50;Atteintes sexuelles;1 289;6;10;9;3;3;27;1;8;4;4;3;5;30;14;2;9;13;4;5;10;5;1;4;6;10;6;1;6;1;0;10;15;0;43;41;16;1;14;31;3;6;4;14;1;30;9;1;3;1;7;7;13;3;3;18;6;6;13;3;75;9;4;34;10;5;4;0;19;11;36;3;13;7;6;6;246;29;19;23;7;5;1;6;18;9;9;9;5;3;8;6;17;30;31;15;19
51;Homicides commis contre enfants de moins de 15 ans;6;0;0;0;0;0;0;0;0;0;0;0;0;0;0;0;0;0;0;0;0;0;0;0;0;0;0;0;0;0;0;0;0;0;1;0;0;0;0;0;0;0;0;0;1;0;0;0;0;0;0;1;0;0;0;0;0;0;0;0;0;0;0;0;0;0;1;0;0;0;0;0;0;0;0;0;0;0;0;0;0;0;0;0;0;0;0;2;0;0;0;0;0;0;0;0;0
52;Violences, mauvais traitements et abandons d'enfants.;2 174;12;15;9;2;2;42;6;10;3;20;4;11;64;28;0;11;19;11;5;14;15;0;5;10;14;18;27;17;5;1;20;46;5;41;20;17;3;17;41;5;5;7;21;6;56;27;2;3;0;24;10;49;2;13;34;6;22;52;5;156;34;9;71;14;12;9;20;70;38;74;4;22;35;6;16;31;40;62;60;12;29;16;14;54;19;13;18;14;8;28;7;36;24;63;30;47
53;Délits au sujet de la garde des mineurs;2 534;19;43;21;10;6;39;16;26;5;15;20;5;84;39;5;16;35;12;7;25;22;3;23;32;35;30;18;25;2;2;35;62;3;71;75;47;4;17;51;14;14;11;29;8;62;24;3;17;3;21;11;24;6;12;27;10;22;58;5;85;40;14;47;32;21;6;24;64;33;67;17;27;20;14;31;82;42;33;45;10;33;11;14;46;27;31;17;4;22;10;8;30;40;41;32;28
54;Non versement de pension alimentaire;1 472;17;7;14;5;1;36;8;11;4;7;10;4;65;15;2;4;21;5;2;13;12;2;11;16;16;10;12;25;4;8;20;29;6;31;39;21;2;12;30;8;13;9;10;3;20;25;1;11;1;10;10;18;8;3;15;5;24;49;4;59;39;11;22;10;10;5;10;24;21;50;7;19;3;12;30;26;16;24;27;5;11;3;4;43;23;18;2;7;9;7;3;15;27;39;9;18
55;Trafic et revente sans usage de stupéfiants;568;3;3;3;1;0;16;0;1;0;0;4;1;28;4;1;0;3;0;0;0;2;0;3;6;1;0;1;3;1;1;1;5;0;19;13;3;0;0;8;0;4;0;8;1;8;1;2;3;1;0;0;3;0;0;15;0;5;15;0;18;4;0;10;4;8;2;10;7;2;10;1;1;1;2;7;49;5;10;10;0;7;0;0;7;2;1;4;4;3;3;0;12;30;98;27;8
56;Usage-revente de stupéfiants;1 506;11;16;3;3;6;31;2;13;2;9;2;0;40;24;2;0;18;9;7;27;16;0;3;17;11;16;7;34;0;4;9;36;4;38;22;23;3;41;44;4;21;5;19;5;15;12;5;4;1;14;0;19;3;4;10;7;21;28;3;44;10;7;89;16;23;8;8;24;5;35;27;13;4;3;26;79;23;32;30;7;15;14;2;45;11;13;2;3;21;5;7;26;32;10;10;24
57;Usage de stupéfiants;16 013;111;107;67;41;46;344;56;37;27;38;88;66;575;125;21;33;122;55;28;88;66;8;56;84;113;142;64;170;34;32;140;370;28;414;259;110;41;118;278;49;94;86;157;28;245;162;30;47;24;61;31;150;33;39;246;64;66;261;43;763;228;39;393;130;119;51;120;167;127;614;44;126;61;73;149;979;200;566;583;58;154;87;30;427;138;66;96;46;80;81;50;342;512;803;501;492
58;Autres infractions à la législation sur les stupéfiants;675;15;6;12;0;0;14;3;1;2;9;2;0;36;3;3;4;3;2;1;2;19;0;2;4;16;19;4;6;1;2;5;0;1;3;48;16;1;5;15;3;17;0;1;5;1;3;1;7;3;3;0;1;2;11;6;0;1;5;1;18;0;4;8;16;3;5;3;4;0;20;3;4;1;4;13;68;6;2;14;2;3;5;2;4;2;0;3;1;3;3;0;25;8;51;3;8
59;Délits de débits de boissons et infraction à la réglementation sur l'alcool  et le tabac;89;0;0;0;0;0;24;1;1;0;1;1;1;8;0;0;0;1;1;0;0;0;0;1;2;0;0;0;1;0;0;3;0;0;2;4;1;0;1;2;0;1;1;0;3;0;0;0;1;1;1;0;0;0;0;1;0;0;0;0;0;0;0;2;0;0;1;0;0;0;6;0;0;0;0;3;1;1;0;0;0;0;0;0;7;1;0;0;1;0;0;0;0;1;0;0;0
60;Fraudes alimentaires et infractions à l'hygiène;72;0;0;2;0;0;5;0;0;0;1;1;0;3;0;0;0;1;0;0;1;0;1;0;2;0;0;0;0;0;1;3;0;0;1;8;3;0;2;2;0;1;0;0;0;0;0;0;0;0;0;1;0;2;1;2;0;1;1;0;3;0;0;0;0;1;0;1;0;2;0;0;0;1;0;0;0;1;0;1;2;0;0;1;3;2;1;0;0;0;1;1;0;2;0;1;2
61;Autres délits contre santé publique et la réglementation des professions médicales;39;0;0;0;0;1;1;1;0;0;0;0;0;2;0;0;0;1;0;0;0;0;0;0;1;0;0;1;0;0;0;0;1;0;3;0;0;0;0;0;0;2;0;0;0;1;0;0;0;0;1;1;1;1;0;0;0;0;3;0;1;0;0;1;0;0;0;0;0;0;0;0;0;0;1;0;8;0;0;0;0;0;0;0;2;0;0;0;0;0;0;0;0;0;4;0;0
62;Incendies volontaires de biens publics;358;4;8;1;0;2;1;1;0;0;2;4;3;9;0;2;3;1;1;0;5;3;0;1;5;3;3;3;9;0;0;3;3;0;3;7;4;0;1;7;1;2;0;12;0;4;1;0;2;0;2;1;0;1;1;14;2;2;18;0;11;4;3;21;5;1;1;0;13;1;16;2;7;2;1;7;6;15;6;2;0;16;3;5;7;2;1;0;11;0;3;0;5;7;5;1;3
63;Incendies volontaires de biens privés;2 728;9;34;7;4;9;24;8;21;3;11;6;4;68;24;8;9;14;15;2;30;4;1;4;24;50;18;14;20;10;11;47;45;2;38;34;24;17;37;105;3;7;7;86;3;80;19;4;5;0;16;11;61;10;10;39;4;13;53;5;229;54;11;139;24;10;5;9;50;60;149;17;12;16;16;21;25;83;64;71;2;39;11;7;31;32;2;5;12;2;20;1;57;29;77;33;52
64;Attentats à l'explosif contre des biens publics;1;0;0;0;0;0;0;0;0;0;0;0;0;1;0;0;0;0;0;0;0;0;0;0;0;0;0;0;0;0;0;0;0;0;0;0;0;0;0;0;0;0;0;0;0;0;0;0;0;0;0;0;0;0;0;0;0;0;0;0;0;0;0;0;0;0;0;0;0;0;0;0;0;0;0;0;0;0;0;0;0;0;0;0;0;0;0;0;0;0;0;0;0;0;0;0;0
65;Attentats à l'explosif contre des biens privés;6;0;0;0;0;0;0;0;0;0;0;0;0;0;0;0;0;0;0;0;0;0;0;0;0;0;0;0;0;3;1;0;0;0;0;1;0;0;0;0;0;0;0;0;0;0;1;0;0;0;0;0;0;0;0;0;0;0;0;0;0;0;0;0;0;0;0;0;0;0;0;0;0;0;0;0;0;0;0;0;0;0;0;0;0;0;0;0;0;0;0;0;0;0;0;0;0
66;Autres destructions et dégradations de biens publics;2 893;23;30;27;4;7;27;11;37;6;23;23;6;72;29;5;14;35;16;14;23;24;2;12;32;26;22;24;50;2;4;40;78;6;81;42;49;10;21;64;7;12;20;34;6;51;46;4;12;11;31;20;19;2;20;38;15;27;61;8;97;29;17;59;28;30;7;18;93;43;132;16;33;28;17;20;69;60;76;67;14;42;10;13;30;20;21;13;6;28;22;9;46;45;99;30;41
67;Autres destructions et dégradations de biens privés;9 912;42;71;41;13;13;144;21;46;9;18;50;8;409;109;8;29;97;33;21;88;61;1;20;58;86;50;29;147;12;8;116;233;11;286;213;149;14;86;157;18;21;31;143;15;172;44;11;41;5;92;56;149;10;25;149;19;91;163;18;525;90;32;247;119;64;30;46;148;111;346;13;43;64;43;85;621;334;195;259;26;70;36;22;120;65;40;69;23;39;37;22;195;226;622;302;303
68;Destructions et dégradations de véhicules privés;12 753;49;67;70;12;20;215;23;64;11;50;68;12;435;155;8;111;97;50;34;96;81;2;38;73;114;75;79;206;64;17;138;290;5;237;211;174;20;99;161;24;41;36;134;39;242;77;8;44;4;167;71;128;12;21;216;22;128;218;27;792;107;40;307;133;134;41;40;185;124;461;20;76;64;76;110;544;424;293;426;45;117;37;20;127;92;45;83;38;84;51;39;230;482;746;321;409
69;Infractions aux conditions générales d'entrée et de séjour des étrangers;5 411;103;7;3;1;23;177;5;22;4;4;23;5;225;17;0;4;2;13;1;8;0;1;0;58;29;34;6;7;16;34;55;129;0;120;75;53;5;12;60;6;0;5;18;1;45;18;0;3;1;24;29;15;0;5;42;2;3;186;1;347;41;0;135;13;157;8;638;156;27;130;2;5;2;397;148;254;82;122;98;0;13;4;2;78;83;1;16;14;0;6;9;111;61;126;114;266
70;Aide à l'entrée, à la circulation et au séjour des étrangers;370;15;0;0;0;3;12;1;1;0;0;2;1;13;11;0;0;0;1;0;2;0;1;0;4;0;0;0;1;0;7;4;8;0;6;4;2;1;0;0;0;0;0;0;0;4;3;0;0;0;0;3;0;0;0;7;0;1;16;0;19;3;0;40;1;8;0;7;12;10;7;0;3;0;27;15;10;3;14;8;0;0;0;1;0;6;0;0;6;0;0;0;8;0;2;7;19
71;Autres infractions à la police des étrangers;346;3;1;0;2;0;15;0;0;1;0;0;0;28;1;0;0;0;1;0;0;0;0;0;1;2;0;0;0;0;0;1;35;0;6;7;0;0;0;0;0;0;0;2;0;0;0;0;0;0;0;3;0;0;0;2;0;0;3;0;3;0;0;1;0;3;0;11;3;0;2;0;1;0;0;1;14;3;47;9;1;4;0;0;5;0;0;0;2;0;1;0;6;11;14;7;83
72;Outrages à dépositaires autorité;2 500;15;17;12;9;1;47;11;13;5;23;8;5;104;26;5;6;16;3;9;11;17;1;5;22;26;19;14;25;6;3;36;28;3;31;31;32;9;25;51;6;11;8;44;3;34;27;3;10;2;17;18;26;10;4;32;11;16;36;3;99;33;9;61;16;20;7;22;49;40;132;5;21;12;9;19;131;47;63;48;6;20;3;7;49;36;17;27;3;5;14;3;79;75;120;75;67
73;Violences à dépositaires autorité;2 570;18;18;13;5;1;47;4;9;1;14;3;3;140;25;4;8;14;7;11;10;10;2;9;16;21;16;14;32;4;2;39;49;6;31;32;18;6;27;54;7;5;7;34;4;66;25;3;7;1;16;9;22;5;9;45;7;11;39;1;108;25;11;51;15;19;14;15;42;40;134;8;16;14;10;18;211;41;61;52;13;36;5;7;45;18;14;13;8;10;5;4;81;64;119;85;72
74;Port ou détention armes prohibées;2 973;15;39;21;6;4;82;19;11;3;9;16;7;149;14;1;10;30;13;5;45;12;2;8;17;30;19;14;29;16;10;26;99;7;69;67;26;4;14;96;14;4;14;15;4;73;42;2;8;2;19;2;18;12;3;38;13;22;49;5;156;33;3;36;16;19;9;12;39;32;146;5;23;19;17;20;211;25;77;80;6;21;9;6;62;18;14;20;9;13;10;5;57;55;117;73;77
75;Atteintes aux intérêts fondamentaux de la Nation;95;0;2;0;0;1;0;1;0;0;2;0;0;7;0;0;0;0;1;0;0;0;1;0;5;1;0;0;3;0;0;1;2;0;1;2;2;0;0;0;0;1;0;0;0;2;3;0;0;0;1;1;1;0;0;2;0;2;8;0;4;2;1;0;0;2;0;1;1;1;2;0;1;0;2;0;5;1;1;3;0;0;0;1;4;1;0;0;0;4;1;2;0;0;0;0;2
76;Délits des courses et des jeux;27;0;0;0;0;0;0;0;0;0;0;1;0;0;0;0;0;0;0;0;0;0;0;0;0;0;0;0;0;0;1;0;0;0;0;0;0;0;0;0;0;0;0;0;0;0;0;0;0;0;0;0;0;0;0;1;0;0;0;0;0;0;0;0;0;0;0;0;1;0;0;1;0;0;0;0;22;0;0;0;0;0;0;0;0;0;0;0;0;0;0;0;0;0;0;0;0
77;Délits interdiction de séjour et de paraître;29;2;0;0;0;0;0;0;1;0;0;0;0;0;0;0;0;1;0;0;0;0;0;0;0;0;0;0;0;0;0;0;0;0;0;0;1;0;0;0;0;1;0;0;0;1;0;0;0;1;1;0;1;0;0;0;0;0;0;0;2;1;0;0;1;0;0;0;1;0;2;1;0;0;0;0;1;1;0;0;1;0;0;0;2;0;0;0;0;1;0;0;0;2;1;0;2
78;Destructions, cruautés et autres délits envers les animaux;251;2;2;4;2;2;8;0;1;2;3;0;1;11;2;0;3;7;4;2;1;3;0;1;4;2;5;0;1;1;3;4;5;0;5;6;4;1;2;1;2;1;3;7;2;2;3;0;1;1;1;3;4;0;2;3;2;1;4;0;11;5;1;9;5;2;0;1;4;1;3;1;2;0;1;2;4;4;3;3;3;3;0;2;5;5;2;1;2;3;2;0;3;1;5;0;5
79;Atteintes à l'environnement;226;1;1;3;1;1;0;4;1;3;0;3;9;6;4;3;0;3;0;0;2;6;0;2;8;2;1;1;8;1;1;2;2;0;3;4;2;0;1;2;0;0;1;2;1;5;2;0;3;2;2;4;2;2;3;5;1;3;1;2;4;0;4;3;3;2;3;1;3;2;5;3;3;0;2;1;3;0;1;5;0;0;7;4;2;4;2;2;2;14;3;0;4;0;0;1;1
80;Chasse et pêche;139;1;0;0;0;0;6;0;0;0;0;3;0;11;4;0;0;11;0;0;0;2;1;0;0;0;1;8;9;1;0;0;0;0;2;7;5;0;0;0;0;2;1;0;1;8;2;0;0;0;0;22;0;0;0;0;0;4;3;0;3;1;0;5;0;4;0;1;0;0;0;0;0;0;1;0;0;0;1;0;0;0;3;0;2;0;2;0;0;0;1;0;0;0;0;0;0
81;Faux documents d'identité;651;11;0;0;0;0;39;0;0;0;1;6;0;35;3;0;0;0;0;0;1;1;0;0;4;0;2;0;2;0;1;7;5;0;6;7;12;1;5;10;0;1;1;2;0;4;4;0;1;0;0;7;1;0;0;4;0;2;11;0;24;10;0;60;1;11;1;40;8;2;30;1;3;2;45;8;47;8;16;7;0;2;1;0;3;4;0;3;3;0;3;1;17;9;12;17;55
82;Faux documents concernant la circulation des véhicules;356;6;2;1;0;1;7;0;2;0;1;1;2;4;2;2;1;3;0;0;1;1;0;0;4;2;2;0;0;0;1;5;7;0;10;5;6;1;3;3;1;1;1;0;0;7;2;0;1;0;2;4;1;0;1;3;3;4;6;0;20;3;1;1;1;2;2;8;9;9;22;1;1;1;11;5;33;9;5;10;1;1;0;1;2;3;3;1;2;2;2;0;13;9;19;8;12
83;Autres faux documents administratifs;403;4;3;1;0;0;14;1;1;1;1;2;0;14;1;0;1;1;1;1;6;6;0;0;5;5;4;5;2;1;0;11;7;2;5;9;2;1;3;5;1;2;0;6;2;2;7;0;0;0;5;3;3;0;1;3;2;2;5;1;17;2;1;7;0;2;0;19;13;4;26;1;2;3;16;5;8;7;6;12;2;2;0;0;9;9;2;0;2;1;2;0;9;4;14;8;17
84;Faux en écriture publique et authentique;215;0;2;2;0;1;12;1;0;1;0;0;0;5;5;0;0;2;0;1;0;2;0;2;1;0;1;0;2;0;2;2;5;0;2;5;0;0;5;7;1;0;1;0;0;3;1;0;3;0;2;2;1;0;0;1;0;1;4;0;20;3;1;5;1;0;0;3;16;4;27;1;0;1;3;1;5;2;4;4;1;1;2;2;1;2;5;2;1;0;0;1;1;1;2;4;0
85;Autres faux en écriture;678;7;5;1;1;3;12;3;3;2;5;5;3;32;6;0;1;8;3;1;5;2;0;9;2;7;4;4;7;2;3;6;13;3;12;15;4;4;11;16;4;6;4;11;2;10;8;0;5;0;7;4;7;1;3;4;3;3;6;2;31;11;3;11;9;3;4;6;5;9;29;5;7;8;2;11;22;11;15;17;2;5;4;0;17;7;8;7;4;1;0;1;14;11;30;5;23
86;Fausse monnaie;139;7;0;1;0;1;2;0;1;0;0;0;0;3;1;1;1;1;2;1;1;1;2;1;0;2;3;0;0;0;0;1;4;0;1;0;1;1;4;1;1;0;2;1;0;1;0;1;0;0;0;1;0;0;0;1;0;0;1;2;6;0;1;4;1;0;0;1;0;11;16;0;0;0;0;1;15;2;2;3;0;4;0;0;2;0;0;1;1;0;3;0;4;1;1;2;1
87;Contrefaçons et fraudes industrielles et commerciales;117;2;0;1;1;1;4;0;0;0;0;0;0;4;0;0;0;0;1;0;0;0;0;0;5;0;7;0;1;0;0;5;0;0;1;2;0;0;1;4;0;0;0;1;0;1;2;0;0;0;0;1;0;1;0;0;0;1;1;0;2;1;0;5;0;0;0;0;2;0;5;0;0;1;1;1;8;5;1;6;0;1;0;2;3;1;1;1;0;0;1;0;2;5;8;3;3
88;Contrefaçons littéraires et artistique;23;0;0;0;0;0;0;1;0;0;0;0;0;0;0;0;0;1;0;0;0;0;0;1;0;0;0;0;0;0;0;0;0;0;0;0;0;0;0;0;0;1;1;0;0;0;1;0;0;0;0;0;0;0;0;1;0;0;0;0;1;0;0;0;1;0;0;0;1;1;1;0;0;0;0;0;4;0;1;1;1;0;0;0;1;0;0;0;0;0;0;1;0;0;2;0;0
89;Falsification et usages de chèques volés;5 810;30;19;33;6;2;75;18;16;10;12;17;13;177;58;5;107;31;27;11;42;75;2;39;66;64;65;24;177;40;24;92;111;6;67;88;125;39;52;91;16;54;26;68;11;121;39;2;63;5;64;22;50;16;26;71;4;80;57;13;206;48;11;118;37;21;30;47;55;28;182;17;256;19;35;45;347;120;94;99;76;39;29;6;107;22;75;37;31;27;63;38;133;251;128;81;88
90;Falsification et usages de cartes de crédit;3 446;19;10;7;11;4;131;3;4;3;13;8;7;264;6;1;6;20;4;4;26;23;4;5;11;25;18;11;15;4;2;38;83;3;24;54;51;6;2;66;5;8;10;45;7;23;15;10;8;3;28;6;10;6;3;26;2;9;20;15;118;35;6;40;23;23;9;13;32;24;130;9;26;24;30;31;469;64;97;97;9;20;8;3;87;35;7;12;15;8;17;12;75;200;138;137;108
91;Escroqueries et abus de confiances;14 989;124;115;75;82;22;355;60;45;37;76;52;43;570;225;16;76;153;48;46;84;108;19;98;107;127;153;91;162;31;54;181;343;23;348;333;224;53;125;223;36;96;71;165;27;250;191;33;90;16;117;66;124;52;51;166;33;112;231;34;487;162;53;297;128;93;52;107;334;166;572;43;108;90;94;144;816;251;261;363;73;106;57;68;315;158;122;70;61;71;76;39;299;516;512;423;334
92;Infractions à la législation sur les chèques;733;3;3;13;9;1;7;2;2;0;1;5;2;9;3;0;6;28;1;0;2;13;0;12;3;2;38;1;63;1;4;13;60;0;7;16;16;0;3;3;2;5;3;54;4;20;1;2;3;1;3;1;5;1;8;0;3;2;3;2;17;2;3;19;10;13;2;1;42;5;18;2;2;6;3;4;7;4;9;9;1;13;13;2;11;2;7;4;3;3;1;0;9;3;2;3;3
93;Travail clandestin;1 107;12;8;6;4;2;43;0;4;3;4;14;8;51;16;3;6;5;10;7;14;5;3;11;9;10;3;3;8;11;11;4;13;1;28;33;18;7;3;41;4;4;5;9;4;24;4;2;2;1;7;9;12;4;6;15;3;7;25;2;29;15;6;14;7;10;3;4;9;8;18;2;7;2;14;10;96;10;27;19;7;12;4;5;13;11;4;10;9;3;10;0;31;13;26;15;33
94;Emploi d'étranger sans titre de travail;276;7;0;0;0;1;14;0;1;0;1;2;0;13;0;0;0;0;3;0;3;0;0;1;1;0;1;1;0;1;5;3;5;0;4;4;0;1;0;2;0;0;0;3;0;6;3;0;0;0;0;2;0;1;0;2;3;0;5;0;12;5;1;2;1;0;0;8;2;5;5;0;1;0;14;2;28;2;17;13;0;1;1;0;2;4;1;0;1;0;1;0;14;5;13;3;13
95;Marchandage - prêt de main d'œuvre;32;0;0;0;0;0;1;0;0;1;0;0;0;0;12;0;1;0;0;0;0;1;0;0;0;0;0;0;0;0;0;0;1;0;2;1;0;0;0;1;0;0;0;0;0;0;2;0;0;0;1;0;0;1;0;0;0;0;1;0;0;0;0;0;0;0;0;0;0;0;0;0;0;0;1;0;2;0;1;0;0;1;0;1;0;0;0;0;0;0;0;0;0;0;0;0;0
96;Non utilisé;0;;;;;;;;;;;;;;;;;;;;;;;;;;;;;;;;;;;;;;;;;;;;;;;;;;;;;;;;;;;;;;;;;;;;;;;;;;;;;;;;;;;;;;;;;;;;;;;;
97;Non utilisé;0;;;;;;;;;;;;;;;;;;;;;;;;;;;;;;;;;;;;;;;;;;;;;;;;;;;;;;;;;;;;;;;;;;;;;;;;;;;;;;;;;;;;;;;;;;;;;;;;
98;Banqueroutes, abus de biens sociaux et autres délits de société;137;0;1;1;0;0;4;0;0;1;0;4;1;2;0;0;0;0;0;0;2;1;0;0;2;4;0;0;0;0;0;1;2;0;1;4;1;0;7;3;0;0;1;0;0;0;2;0;2;0;1;1;1;1;2;3;1;1;3;1;0;3;3;1;2;2;1;1;5;3;1;0;0;0;0;2;19;0;3;2;1;0;1;0;3;1;0;1;1;1;1;0;1;4;5;5;2
99;Non utilisé;0;;;;;;;;;;;;;;;;;;;;;;;;;;;;;;;;;;;;;;;;;;;;;;;;;;;;;;;;;;;;;;;;;;;;;;;;;;;;;;;;;;;;;;;;;;;;;;;;
100;Non utilisé;0;;;;;;;;;;;;;;;;;;;;;;;;;;;;;;;;;;;;;;;;;;;;;;;;;;;;;;;;;;;;;;;;;;;;;;;;;;;;;;;;;;;;;;;;;;;;;;;;
101;Prix illicites, publicité fausse et infractions aux règles de la concurrence;62;2;1;1;0;0;2;2;0;0;0;1;1;3;4;0;0;1;0;0;1;2;0;4;0;0;0;0;0;0;2;1;1;0;2;2;0;1;0;0;0;0;1;1;0;0;2;0;0;0;2;0;0;0;1;0;0;0;0;0;1;0;0;2;0;1;0;0;2;0;1;3;0;1;1;0;0;1;0;3;0;0;0;0;0;1;0;0;1;1;0;0;1;0;0;0;1
102;Achats et ventes sans factures;31;0;0;0;0;0;0;0;0;0;0;0;0;1;2;0;0;0;0;1;0;0;0;0;0;0;0;0;0;0;0;0;0;0;2;0;0;0;0;1;0;0;1;2;0;0;0;0;0;0;0;0;0;1;0;1;0;0;4;0;1;0;0;0;0;0;0;0;0;0;1;0;0;0;0;1;0;2;0;1;0;0;0;0;7;2;0;0;0;0;0;0;0;0;0;0;0
103;Infractions à l'exercice d'une profession réglementée;111;0;0;1;0;0;1;0;1;1;0;1;0;2;1;0;5;2;0;0;5;0;0;1;0;1;0;2;0;0;0;0;0;0;3;4;3;0;0;4;0;1;1;0;0;0;1;0;0;0;0;0;0;0;0;4;0;0;4;0;0;0;0;2;2;1;0;1;3;2;0;0;1;0;0;2;17;1;0;4;0;2;0;0;4;2;0;1;1;0;0;0;3;0;5;0;8
104;Infractions au droit de l'urbanisme et de la construction;305;1;2;2;2;2;31;0;1;3;1;6;0;16;2;0;0;3;4;0;1;0;0;0;1;2;1;1;8;4;4;9;4;2;5;16;2;0;2;2;2;0;2;1;0;11;2;1;0;1;1;3;1;0;0;5;0;0;6;0;5;7;2;4;4;0;2;4;7;1;2;1;2;1;7;5;2;3;3;2;0;1;9;3;33;5;2;1;0;1;0;0;4;0;3;0;3
105;Fraudes fiscales;68;0;1;1;0;0;1;0;0;0;0;0;1;3;1;0;0;0;0;0;1;0;0;0;0;0;0;0;0;0;3;0;1;0;1;1;1;0;0;0;0;0;0;0;0;1;3;0;0;0;0;0;0;1;0;0;0;0;1;0;2;1;0;0;2;1;0;2;3;2;0;0;0;0;2;0;20;0;0;0;0;0;0;1;1;0;0;1;0;0;0;0;3;3;1;1;0
106;Autres délits économiques et financiers;597;2;1;1;0;1;18;0;0;0;1;5;0;72;1;0;0;1;1;0;0;0;0;0;1;2;7;2;0;0;0;1;16;0;46;2;2;1;5;1;0;1;0;3;0;2;0;0;9;0;1;1;1;0;0;1;0;0;0;0;17;0;0;2;1;6;0;3;5;0;58;1;2;1;0;5;203;0;6;15;0;1;0;2;6;1;1;1;1;0;0;2;11;12;9;2;14
107;Autres délits;9 276;81;94;42;22;12;174;30;33;17;45;55;33;417;88;11;40;74;47;21;53;76;12;43;78;67;78;45;113;17;35;101;232;16;184;177;108;25;58;142;28;58;43;88;22;198;101;17;33;7;70;49;75;40;28;90;26;72;120;22;429;144;35;229;69;57;26;61;165;98;318;27;45;49;58;109;613;180;233;222;31;125;28;22;152;99;67;71;33;29;53;28;198;214;346;184;246
;Source : Etat 4001 annuel, DCPJ - Traitement ONDRP;;;;;;;;;;;;;;;;;;;;;;;;;;;;;;;;;;;;;;;;;;;;;;;;;;;;;;;;;;;;;;;;;;;;;;;;;;;;;;;;;;;;;;;;;;;;;;;;;
